"author","authorIsChannelOwner","cid","comment","commentsCount","hasCreatorHeart","pageUrl","publishedTimeText","replyCount","replyToCid","title","type","videoId","voteCount"
"@nurarini9018","false","UgwqMvsmXH8EBqv7UqB4AaABAg","Mending keluarin Suzuki Fronx","208","false","https://www.youtube.com/watch?v=uXs-5eCfCHI&t=57s","11 hours ago","0",,"SUZUKI SIAP BANTAI MOBIL CINA, Siapkan Mobil Listrik Terjangkau!","comment","uXs-5eCfCHI","0"
"@awiaja2915","false","UgyPUCwo7V4ZL6XUJZ94AaABAg","lah itu layar dashboardnya aja nutupin kaca depan, mmg sih masih konsep","208","false","https://www.youtube.com/watch?v=uXs-5eCfCHI&t=57s","19 hours ago","0",,"SUZUKI SIAP BANTAI MOBIL CINA, Siapkan Mobil Listrik Terjangkau!","comment","uXs-5eCfCHI","0"
"@frdystywn0771","false","UgydH-g-wcR3Xf30TMN4AaABAg","Ignis cros🎉","208","false","https://www.youtube.com/watch?v=uXs-5eCfCHI&t=57s","1 day ago","0",,"SUZUKI SIAP BANTAI MOBIL CINA, Siapkan Mobil Listrik Terjangkau!","comment","uXs-5eCfCHI","0"
"@mildavid","false","UgySt_KDA0pZQ0FaRAN4AaABAg","Ini beberapa harga om? 1:38","208","false","https://www.youtube.com/watch?v=uXs-5eCfCHI&t=57s","2 days ago","0",,"SUZUKI SIAP BANTAI MOBIL CINA, Siapkan Mobil Listrik Terjangkau!","comment","uXs-5eCfCHI","0"
"@buwubanov","false","UgwhVdCy71so8G2SnLh4AaABAg","Kelamaan, mobil Tiongkok udah banjir di sini, ini masih konsep2 aja. Padahal Toyota udah mulai produksi dari kemarin2","208","false","https://www.youtube.com/watch?v=uXs-5eCfCHI&t=57s","2 days ago","0",,"SUZUKI SIAP BANTAI MOBIL CINA, Siapkan Mobil Listrik Terjangkau!","comment","uXs-5eCfCHI","0"
"@nurhidayah-cp9ox","false","UgynJGMdwoKJgeGKkzB4AaABAg","Bukan mpv ya.. mn bisa lawan m6 byd😂","208","false","https://www.youtube.com/watch?v=uXs-5eCfCHI&t=57s","2 days ago","0",,"SUZUKI SIAP BANTAI MOBIL CINA, Siapkan Mobil Listrik Terjangkau!","comment","uXs-5eCfCHI","0"
"@kaivanautomotive4378","false","UgzPgvOHH1vJ8XRixbJ4AaABAg","Pesan pertama buat SUZUKI, kalau memang mobil ini mau di jual di Indonesia, siapkan atau tersediakan spare partnya! Jangan kayak Hybridnya, beli Aki buat Hybrid aja perlu indent 2 - 3 bulan buset deh!","208","false","https://www.youtube.com/watch?v=uXs-5eCfCHI&t=57s","3 days ago","0",,"SUZUKI SIAP BANTAI MOBIL CINA, Siapkan Mobil Listrik Terjangkau!","comment","uXs-5eCfCHI","0"
"@doyanmakanhobifoto","false","Ugxdd2eAFenPVGDsY654AaABAg","04:29 susah banget buka pintunya","208","false","https://www.youtube.com/watch?v=uXs-5eCfCHI&t=57s","3 days ago","0",,"SUZUKI SIAP BANTAI MOBIL CINA, Siapkan Mobil Listrik Terjangkau!","comment","uXs-5eCfCHI","0"
"@MrThomasrichi","false","UgwTxiEnf_f0EHeKADR4AaABAg","Yang pasti selama infrastruktur dan ekosistem ev di Indonesia belum berkembang belum menarik untuk menggunakan ev sebagai daily driver kecuali buat mereka yang fomo dan punya duit lebih","208","false","https://www.youtube.com/watch?v=uXs-5eCfCHI&t=57s","3 days ago","0",,"SUZUKI SIAP BANTAI MOBIL CINA, Siapkan Mobil Listrik Terjangkau!","comment","uXs-5eCfCHI","0"
"@cikokustamsi1453","false","Ugw_a9sG8MwUDa-q9QF4AaABAg","langsung ke 7 seater aja.. ev tembus 600km tapi harga di 350-450jt, dijamin laris krn bisa dipakai mudik.","208","false","https://www.youtube.com/watch?v=uXs-5eCfCHI&t=57s","3 days ago","1",,"SUZUKI SIAP BANTAI MOBIL CINA, Siapkan Mobil Listrik Terjangkau!","comment","uXs-5eCfCHI","0"
"@agungsetiadi2066","false","Ugw3qGyanqfhwlHwNkZ4AaABAg","Iterior boleh berubah tapi eksterior jangan. EVX sudah lumayan dapat perhatian karena designnya cukup menarik. Masalah harga, silahkan komparasi dengan mobil produk China yang setera.","208","false","https://www.youtube.com/watch?v=uXs-5eCfCHI&t=57s","3 days ago","0",,"SUZUKI SIAP BANTAI MOBIL CINA, Siapkan Mobil Listrik Terjangkau!","comment","uXs-5eCfCHI","0"
"@JOhnSmith-qt3zs","false","UgyFdqSquylZVYKyC314AaABAg","Toyota aja gagal di EV, apalagi pabrikan kecil macam Suzuki. Dulu model Suzuki itu bagus, sempat punya Swift juga. Brand new di tahun 2006. Desain Eropa. Swift yang sekarang, astaga. My next EV will be Chinese Inshallah. BYD Seal.","208","false","https://www.youtube.com/watch?v=uXs-5eCfCHI&t=57s","4 days ago","0",,"SUZUKI SIAP BANTAI MOBIL CINA, Siapkan Mobil Listrik Terjangkau!","comment","uXs-5eCfCHI","1"
"@irmanwibowo1157","false","UgyWCGGDjEZfvlGfOlB4AaABAg","bused bantai ?? kata2nya min walah","208","false","https://www.youtube.com/watch?v=uXs-5eCfCHI&t=57s","4 days ago","0",,"SUZUKI SIAP BANTAI MOBIL CINA, Siapkan Mobil Listrik Terjangkau!","comment","uXs-5eCfCHI","0"
"@Anggarif72","false","UgyJGfuvd62fTqYjoyt4AaABAg","Jika Suzuki siap membantai mobil China, maka siap turun harga seharga mobil China","208","false","https://www.youtube.com/watch?v=uXs-5eCfCHI&t=57s","5 days ago","0",,"SUZUKI SIAP BANTAI MOBIL CINA, Siapkan Mobil Listrik Terjangkau!","comment","uXs-5eCfCHI","0"
"@NinaMuhyati","false","UgzNc1UjuXA4cY_zsQZ4AaABAg","Ngeri mobilnya ,wah banget ,gak cocok di saya ,saya hanya tukang baso kelililng","208","false","https://www.youtube.com/watch?v=uXs-5eCfCHI&t=57s","5 days ago","0",,"SUZUKI SIAP BANTAI MOBIL CINA, Siapkan Mobil Listrik Terjangkau!","comment","uXs-5eCfCHI","0"
"@khoirulmtm5751","false","Ugyfusumq8rz6uHNPtt4AaABAg","mobil konsep sijuki keren2 tp pas masuk produksi juelek😂🤣","208","false","https://www.youtube.com/watch?v=uXs-5eCfCHI&t=57s","5 days ago","0",,"SUZUKI SIAP BANTAI MOBIL CINA, Siapkan Mobil Listrik Terjangkau!","comment","uXs-5eCfCHI","1"
"@marcellinussandhy1852","false","UgyK9HZRSa52ebcJOoZ4AaABAg","Intinya tunggu aja, beneran kaya gini apa engga 😂","208","false","https://www.youtube.com/watch?v=uXs-5eCfCHI&t=57s","5 days ago","0",,"SUZUKI SIAP BANTAI MOBIL CINA, Siapkan Mobil Listrik Terjangkau!","comment","uXs-5eCfCHI","0"
"@preddyreinrein5283","false","UgyjRrSi_NhJkDz8Ib94AaABAg","Hahaha gak akan terealisasi😅","208","false","https://www.youtube.com/watch?v=uXs-5eCfCHI&t=57s","5 days ago","0",,"SUZUKI SIAP BANTAI MOBIL CINA, Siapkan Mobil Listrik Terjangkau!","comment","uXs-5eCfCHI","0"
"@apakek701","false","Ugx6eX-5kNaCEHnW2fh4AaABAg","Keren,manteeebbb,
Yg norak cuma Velgnya","208","false","https://www.youtube.com/watch?v=uXs-5eCfCHI&t=57s","6 days ago","0",,"SUZUKI SIAP BANTAI MOBIL CINA, Siapkan Mobil Listrik Terjangkau!","comment","uXs-5eCfCHI","0"
"@ahsshelby2505","false","UgzU1Amq-Jd5F3YT81d4AaABAg","👍","208","false","https://www.youtube.com/watch?v=uXs-5eCfCHI&t=57s","6 days ago","0",,"SUZUKI SIAP BANTAI MOBIL CINA, Siapkan Mobil Listrik Terjangkau!","comment","uXs-5eCfCHI","0"
"@awiaja2915","false","Ugw_a9sG8MwUDa-q9QF4AaABAg.A6Mao63XPSBA6TRnEXXc-A","nanti sampai kampung repot nge charge dimana","208","false","https://www.youtube.com/watch?v=uXs-5eCfCHI&t=57s","20 hours ago","0","Ugw_a9sG8MwUDa-q9QF4AaABAg","SUZUKI SIAP BANTAI MOBIL CINA, Siapkan Mobil Listrik Terjangkau!","reply","uXs-5eCfCHI","0"
"@motivasipagi2451","false","Ugwh1EeoBuldK0M8Stl4AaABAg","sizuki mimpi aja lah. selama kiblatnya ke india","208","false","https://www.youtube.com/watch?v=uXs-5eCfCHI&t=57s","6 days ago","0",,"SUZUKI SIAP BANTAI MOBIL CINA, Siapkan Mobil Listrik Terjangkau!","comment","uXs-5eCfCHI","0"
"@dayanarung","false","UgwIo4Hz2rZBRCm45Cx4AaABAg","3:06","208","false","https://www.youtube.com/watch?v=uXs-5eCfCHI&t=57s","6 days ago","0",,"SUZUKI SIAP BANTAI MOBIL CINA, Siapkan Mobil Listrik Terjangkau!","comment","uXs-5eCfCHI","0"
"@faizalrachman9606","false","UgxkqirBi4fzqZGmD_14AaABAg","Suzuki klo mobil nya laris dihadang ama salesnya dengan menaikan harga... TRAGEDI JIMNY","208","false","https://www.youtube.com/watch?v=uXs-5eCfCHI&t=57s","6 days ago","0",,"SUZUKI SIAP BANTAI MOBIL CINA, Siapkan Mobil Listrik Terjangkau!","comment","uXs-5eCfCHI","0"
"@xp2autocare","false","UgwXi-AQpKbUZOtrIZl4AaABAg","N...I...C....E.....!!!!!!!!!","208","false","https://www.youtube.com/watch?v=uXs-5eCfCHI&t=57s","7 days ago (edited)","0",,"SUZUKI SIAP BANTAI MOBIL CINA, Siapkan Mobil Listrik Terjangkau!","comment","uXs-5eCfCHI","0"
"@GoriusBungo","false","UgxW2I3qRYOC_V2ElD54AaABAg","Mobil suzuki ev konsep akan siap melibas mobil2 ev China yg sudah berulangkali diupgrade.?","208","false","https://www.youtube.com/watch?v=uXs-5eCfCHI&t=57s","7 days ago","0",,"SUZUKI SIAP BANTAI MOBIL CINA, Siapkan Mobil Listrik Terjangkau!","comment","uXs-5eCfCHI","0"
"@DavidJordan-ut7im","false","UgyVZtpkSxeMRW10XrJ4AaABAg","hmm.","208","false","https://www.youtube.com/watch?v=uXs-5eCfCHI&t=57s","7 days ago","0",,"SUZUKI SIAP BANTAI MOBIL CINA, Siapkan Mobil Listrik Terjangkau!","comment","uXs-5eCfCHI","0"
"@eengpranata5611","false","UgyW2ShVBFgFkafHDEp4AaABAg","Suzuki itu klo mobil konsepnya cakep bner, tpi klo udh kluar biasanya selera prindavan 😭","208","false","https://www.youtube.com/watch?v=uXs-5eCfCHI&t=57s","7 days ago","0",,"SUZUKI SIAP BANTAI MOBIL CINA, Siapkan Mobil Listrik Terjangkau!","comment","uXs-5eCfCHI","0"
"@cofeeblack3753","false","Ugy0oQoyiOf14tCWiyh4AaABAg","Next tukar tambah sama xl 7","208","false","https://www.youtube.com/watch?v=uXs-5eCfCHI&t=57s","8 days ago","0",,"SUZUKI SIAP BANTAI MOBIL CINA, Siapkan Mobil Listrik Terjangkau!","comment","uXs-5eCfCHI","0"
"@edikacong9670","false","UgxktqPEs5ZMaFEGwsB4AaABAg","Om bahas jetour x70 plus","208","false","https://www.youtube.com/watch?v=uXs-5eCfCHI&t=57s","8 days ago","0",,"SUZUKI SIAP BANTAI MOBIL CINA, Siapkan Mobil Listrik Terjangkau!","comment","uXs-5eCfCHI","0"
"@ovichandra2526","false","UgyjKAOx4ATy2_5onN14AaABAg","sayang masih konsep, mobil cina sdh banjir...","208","false","https://www.youtube.com/watch?v=uXs-5eCfCHI&t=57s","8 days ago","0",,"SUZUKI SIAP BANTAI MOBIL CINA, Siapkan Mobil Listrik Terjangkau!","comment","uXs-5eCfCHI","0"
"@AI-ih4gt","false","UgzNVhIduP6GltAtOQh4AaABAg","Ahh baru concept rilisnya jauh😂😂😂","208","false","https://www.youtube.com/watch?v=uXs-5eCfCHI&t=57s","8 days ago","0",,"SUZUKI SIAP BANTAI MOBIL CINA, Siapkan Mobil Listrik Terjangkau!","comment","uXs-5eCfCHI","0"
"@dikoandara9563","false","UgxY34vZCexMiKGmtdN4AaABAg","Headunit nya ganggu pandangan banget seperti nya","208","false","https://www.youtube.com/watch?v=uXs-5eCfCHI&t=57s","8 days ago","0",,"SUZUKI SIAP BANTAI MOBIL CINA, Siapkan Mobil Listrik Terjangkau!","comment","uXs-5eCfCHI","0"
"@giansukmoro4376","false","Ugzcw90itMy606cOVL94AaABAg","Kayaknya ini bukan bikinan Suzuki India deh..","208","false","https://www.youtube.com/watch?v=uXs-5eCfCHI&t=57s","8 days ago","0",,"SUZUKI SIAP BANTAI MOBIL CINA, Siapkan Mobil Listrik Terjangkau!","comment","uXs-5eCfCHI","0"
"@ayoprinmedia2274","false","Ugwm8QvnofLFxZK5Xc54AaABAg","paling yg diproduksi mobil kaya espreso, udah apal modus2 susuki wkwkwk","208","false","https://www.youtube.com/watch?v=uXs-5eCfCHI&t=57s","8 days ago","0",,"SUZUKI SIAP BANTAI MOBIL CINA, Siapkan Mobil Listrik Terjangkau!","comment","uXs-5eCfCHI","0"
"@namasaya7881","false","UgycTnsdMSkBQ3xVGTp4AaABAg","Start from 450 juta kayaknya","208","false","https://www.youtube.com/watch?v=uXs-5eCfCHI&t=57s","9 days ago","0",,"SUZUKI SIAP BANTAI MOBIL CINA, Siapkan Mobil Listrik Terjangkau!","comment","uXs-5eCfCHI","0"
"@namasaya7881","false","Ugxg87v8nhZKhghG6od4AaABAg","Gua suka mobil kekinian yang desainya mengkotak","208","false","https://www.youtube.com/watch?v=uXs-5eCfCHI&t=57s","9 days ago","0",,"SUZUKI SIAP BANTAI MOBIL CINA, Siapkan Mobil Listrik Terjangkau!","comment","uXs-5eCfCHI","0"
"@shariftalib3998","false","UgwF04zk3YDm9zaefE14AaABAg","Mobil india vs mobil china","208","false","https://www.youtube.com/watch?v=uXs-5eCfCHI&t=57s","9 days ago","0",,"SUZUKI SIAP BANTAI MOBIL CINA, Siapkan Mobil Listrik Terjangkau!","comment","uXs-5eCfCHI","0"
"@maula2023","false","UgxWjRRmB8T1BSEKGFx4AaABAg","Kereeeeennn ❤","208","false","https://www.youtube.com/watch?v=uXs-5eCfCHI&t=57s","9 days ago","0",,"SUZUKI SIAP BANTAI MOBIL CINA, Siapkan Mobil Listrik Terjangkau!","comment","uXs-5eCfCHI","0"
"@imadeedisastrawan5983","false","UgwfFr1cZB8KPgpJ86F4AaABAg","Tolong bawa designer suzuki tahun 2008-2015, jaman sx4, swift, grand vitara","208","false","https://www.youtube.com/watch?v=uXs-5eCfCHI&t=57s","9 days ago","0",,"SUZUKI SIAP BANTAI MOBIL CINA, Siapkan Mobil Listrik Terjangkau!","comment","uXs-5eCfCHI","0"
"@ilhamiskandar6786","false","UgzH8rp5g-ITyQ9vZ2l4AaABAg","Review Mazda cx 60 pro dong.","208","false","https://www.youtube.com/watch?v=uXs-5eCfCHI&t=57s","9 days ago","0",,"SUZUKI SIAP BANTAI MOBIL CINA, Siapkan Mobil Listrik Terjangkau!","comment","uXs-5eCfCHI","0"
"@taksionlineelektricchannel6842","false","Ugznk8aHbWiTQxTVk5l4AaABAg","Suzuki yakin bisa hajar mobil listrik China..? Dari segi harga saja tdk mungkin....😂😂😂😂","208","false","https://www.youtube.com/watch?v=uXs-5eCfCHI&t=57s","9 days ago","1",,"SUZUKI SIAP BANTAI MOBIL CINA, Siapkan Mobil Listrik Terjangkau!","comment","uXs-5eCfCHI","1"
"@hpsamsungku272","false","UgxsHqDRfXxGKl_WceZ4AaABAg","Selama desainnya versi frindavan ya mustahil, yg sekarang aja jelek2😂","208","false","https://www.youtube.com/watch?v=uXs-5eCfCHI&t=57s","9 days ago","0",,"SUZUKI SIAP BANTAI MOBIL CINA, Siapkan Mobil Listrik Terjangkau!","comment","uXs-5eCfCHI","0"
"@webetambun","false","Ugz0fv9ZvDXrpQGTTp94AaABAg","Suzuki mulai berulah, pabrikan lain pasti berbenah nih😅, kelainan Suzuki kan kalo inovasi selalu melampaui zaman, contoh kecil aja di motornya yg sudah cvt elektronik dan saya katakan futuristik utk dimotor, malah di pakai produsen lain saat ini dgn nama lain yg blunder😅.","208","false","https://www.youtube.com/watch?v=uXs-5eCfCHI&t=57s","9 days ago","0",,"SUZUKI SIAP BANTAI MOBIL CINA, Siapkan Mobil Listrik Terjangkau!","comment","uXs-5eCfCHI","0"
"@antoniodalopez5518","false","Ugytk0W-PCU69_c4r5F4AaABAg","Alhamdulillah saya baru seminggu meminang XL7 Alpha Hybrid 
setelah lama riset banding2in dengan mobil sekelasnya dan pilihan saya tidak salah, mobil kedap, kaki2 senyap, injek gas nggak terasa tiba2 udah 120km aja😆 
pintu berat (body tebel), build qualitynya joss👍","208","false","https://www.youtube.com/watch?v=uXs-5eCfCHI&t=57s","9 days ago","5",,"SUZUKI SIAP BANTAI MOBIL CINA, Siapkan Mobil Listrik Terjangkau!","comment","uXs-5eCfCHI","17"
"@kurniawaneko2859","false","UgwqiqV9qbRtO6OKdB14AaABAg","Bagus desainnya ❤ toooooop","208","false","https://www.youtube.com/watch?v=uXs-5eCfCHI&t=57s","9 days ago","0",,"SUZUKI SIAP BANTAI MOBIL CINA, Siapkan Mobil Listrik Terjangkau!","comment","uXs-5eCfCHI","0"
"@sasmitadwidhananta","false","Ugz0W2wlwOMvR3qA5nB4AaABAg","Mobil konsepnya suzuki dan produksinya beda jauhh, jauh lebih bagus yg konsep *biasanya begitu","208","false","https://www.youtube.com/watch?v=uXs-5eCfCHI&t=57s","9 days ago","0",,"SUZUKI SIAP BANTAI MOBIL CINA, Siapkan Mobil Listrik Terjangkau!","comment","uXs-5eCfCHI","0"
"@tsaixianfeng","false","Ugzf-JV0-S8WNluvp5R4AaABAg","bagian yg hrs dibawa ke versi produksi adalah semuanya... keren banget nih... cakep banget nih mobil","208","false","https://www.youtube.com/watch?v=uXs-5eCfCHI&t=57s","9 days ago","0",,"SUZUKI SIAP BANTAI MOBIL CINA, Siapkan Mobil Listrik Terjangkau!","comment","uXs-5eCfCHI","0"
"@hobbykoleksi","false","UgwGdeqv1WUwfD8kAsp4AaABAg","harga nya nanti bikin sakit ginjal...wkwkw","208","false","https://www.youtube.com/watch?v=uXs-5eCfCHI&t=57s","9 days ago","0",,"SUZUKI SIAP BANTAI MOBIL CINA, Siapkan Mobil Listrik Terjangkau!","comment","uXs-5eCfCHI","0"
"@user-qd6cy9ub2d","false","UgxQ5uChZM_8ZIchztd4AaABAg","masuk indonesia paling juga jadi nya di atas 800 juta","208","false","https://www.youtube.com/watch?v=uXs-5eCfCHI&t=57s","9 days ago","0",,"SUZUKI SIAP BANTAI MOBIL CINA, Siapkan Mobil Listrik Terjangkau!","comment","uXs-5eCfCHI","0"
"@bernaridho","false","UgzGFZkc6BZFiWNVMNZ4AaABAg","Buang too much space di belakang.  Boxy-kan dikit. Gear shift bagus. Dari P bisa langsung ke D tanpa lewat R.","208","false","https://www.youtube.com/watch?v=uXs-5eCfCHI&t=57s","10 days ago (edited)","0",,"SUZUKI SIAP BANTAI MOBIL CINA, Siapkan Mobil Listrik Terjangkau!","comment","uXs-5eCfCHI","0"
"@cevinzhuang","false","Ugx2puiF15oFXZ-cXwl4AaABAg","✌👍👌","208","false","https://www.youtube.com/watch?v=uXs-5eCfCHI&t=57s","10 days ago","0",,"SUZUKI SIAP BANTAI MOBIL CINA, Siapkan Mobil Listrik Terjangkau!","comment","uXs-5eCfCHI","0"
"@jeffriecahyadi5459","false","Ugykh8LUz4H9DPG48qJ4AaABAg","Judul nya lebai jangan remehkan pabrik kan China","208","false","https://www.youtube.com/watch?v=uXs-5eCfCHI&t=57s","10 days ago","1",,"SUZUKI SIAP BANTAI MOBIL CINA, Siapkan Mobil Listrik Terjangkau!","comment","uXs-5eCfCHI","0"
"@wetanprogo3731","false","Ugxtqy6bFEP-86aCgwN4AaABAg","Naiis","208","false","https://www.youtube.com/watch?v=uXs-5eCfCHI&t=57s","10 days ago","0",,"SUZUKI SIAP BANTAI MOBIL CINA, Siapkan Mobil Listrik Terjangkau!","comment","uXs-5eCfCHI","0"
"@GRANDTRUSMO","false","UgyVii-ejX6X2IDNICt4AaABAg","400jt ehh 500jt klo mau cepet","208","false","https://www.youtube.com/watch?v=uXs-5eCfCHI&t=57s","10 days ago","0",,"SUZUKI SIAP BANTAI MOBIL CINA, Siapkan Mobil Listrik Terjangkau!","comment","uXs-5eCfCHI","0"
"@haripamungkas7302","false","Ugx_Mk15-YMWHUb4WKx4AaABAg","G yakin modelnya sama😂","208","false","https://www.youtube.com/watch?v=uXs-5eCfCHI&t=57s","10 days ago","0",,"SUZUKI SIAP BANTAI MOBIL CINA, Siapkan Mobil Listrik Terjangkau!","comment","uXs-5eCfCHI","0"
"@minority7590","false","UgwRd_Uzl6uke17KUrZ4AaABAg","Pasti modelnya bukan selera Prindavan","208","false","https://www.youtube.com/watch?v=uXs-5eCfCHI&t=57s","10 days ago (edited)","0",,"SUZUKI SIAP BANTAI MOBIL CINA, Siapkan Mobil Listrik Terjangkau!","comment","uXs-5eCfCHI","1"
"@ridzkiweh","false","Ugw3F3HvWFK3Us1SpQV4AaABAg","Tombol kapasitiv di setir gakan bikin salah pijit tuh nanti?","208","false","https://www.youtube.com/watch?v=uXs-5eCfCHI&t=57s","10 days ago","0",,"SUZUKI SIAP BANTAI MOBIL CINA, Siapkan Mobil Listrik Terjangkau!","comment","uXs-5eCfCHI","0"
"@muhammadtaufiq1260","false","UgzJyFMZPeF9T47F6lR4AaABAg","Bedanya sijuki mobil konsepnya selalu beneran konsep, ga kyk h tegak dan telu berlian yg majang prototipe sbg konsep akhirnya influencer asian value selalu nganggap h tegak dan telu berlian keren sijuki underrated","208","false","https://www.youtube.com/watch?v=uXs-5eCfCHI&t=57s","10 days ago","0",,"SUZUKI SIAP BANTAI MOBIL CINA, Siapkan Mobil Listrik Terjangkau!","comment","uXs-5eCfCHI","1"
"@Anjing_Galak","false","UgyaJ74C7Dfrrdf-j5N4AaABAg","Suzuki biasanya melenceng dari konsepnya. Interior sih yakin ga bakal seperti itu","208","false","https://www.youtube.com/watch?v=uXs-5eCfCHI&t=57s","10 days ago","0",,"SUZUKI SIAP BANTAI MOBIL CINA, Siapkan Mobil Listrik Terjangkau!","comment","uXs-5eCfCHI","0"
"@BriscoRusly","false","UgwS04-TTCcbQu9ejRt4AaABAg","Request dong BYD M6.","208","false","https://www.youtube.com/watch?v=uXs-5eCfCHI&t=57s","10 days ago","0",,"SUZUKI SIAP BANTAI MOBIL CINA, Siapkan Mobil Listrik Terjangkau!","comment","uXs-5eCfCHI","0"
"@namasaya7881","false","Ugznk8aHbWiTQxTVk5l4AaABAg.A66sGMq_JDfA68COgI9HmQ","Pasti di atas 500 juta kalau di suzuki","208","false","https://www.youtube.com/watch?v=uXs-5eCfCHI&t=57s","9 days ago","0","Ugznk8aHbWiTQxTVk5l4AaABAg","SUZUKI SIAP BANTAI MOBIL CINA, Siapkan Mobil Listrik Terjangkau!","reply","uXs-5eCfCHI","1"
"@blackclaw409","false","Ugytk0W-PCU69_c4r5F4AaABAg.A66LOo9l82OA68JNo7kS92","Soal build quality malah suzuki diatas toyota. Cuma kalah brand sama resale value doang","208","false","https://www.youtube.com/watch?v=uXs-5eCfCHI&t=57s","9 days ago","0","Ugytk0W-PCU69_c4r5F4AaABAg","SUZUKI SIAP BANTAI MOBIL CINA, Siapkan Mobil Listrik Terjangkau!","reply","uXs-5eCfCHI","1"
"@cofeeblack3753","false","Ugytk0W-PCU69_c4r5F4AaABAg.A66LOo9l82OA6AnrdCyez7","Saya pakai XL 7 2019 om, bandel dan tangguh irit lagi","208","false","https://www.youtube.com/watch?v=uXs-5eCfCHI&t=57s","8 days ago","0","Ugytk0W-PCU69_c4r5F4AaABAg","SUZUKI SIAP BANTAI MOBIL CINA, Siapkan Mobil Listrik Terjangkau!","reply","uXs-5eCfCHI","0"
"@lutfinoehrahnat5769","false","Ugytk0W-PCU69_c4r5F4AaABAg.A66LOo9l82OA6E1TeYqbWQ","Yg paling oke transmisinya Suzuki tidak latah cvt,","208","false","https://www.youtube.com/watch?v=uXs-5eCfCHI&t=57s","6 days ago","0","Ugytk0W-PCU69_c4r5F4AaABAg","SUZUKI SIAP BANTAI MOBIL CINA, Siapkan Mobil Listrik Terjangkau!","reply","uXs-5eCfCHI","1"
"@isabaguss3731","false","Ugytk0W-PCU69_c4r5F4AaABAg.A66LOo9l82OA6LJ3fAc036","Sebagai k waspadaan aja pabrik Suzuki d Thailan tutup krn penjualan yg turun drastis, d Indonesia sendiri sdh mulai ada keluhan krn penjualan mobil baru menurun, tp penjualan mobil listrik naik","208","false","https://www.youtube.com/watch?v=uXs-5eCfCHI&t=57s","3 days ago (edited)","0","Ugytk0W-PCU69_c4r5F4AaABAg","SUZUKI SIAP BANTAI MOBIL CINA, Siapkan Mobil Listrik Terjangkau!","reply","uXs-5eCfCHI","0"
"@kaivanautomotive4378","false","Ugytk0W-PCU69_c4r5F4AaABAg.A66LOo9l82OA6NTKDovUQO","Siap - siap buat cari AKI-nya om, saya Hybrid Ertiga aja susah cari AKI-nya om, masa iya perlu indent 2 - 3 bulan, akhirnya diakalin pakai GS calcium wkwkkwkwk 🤣🤣","208","false","https://www.youtube.com/watch?v=uXs-5eCfCHI&t=57s","3 days ago","0","Ugytk0W-PCU69_c4r5F4AaABAg","SUZUKI SIAP BANTAI MOBIL CINA, Siapkan Mobil Listrik Terjangkau!","reply","uXs-5eCfCHI","0"
"@alle1205","false","Ugykh8LUz4H9DPG48qJ4AaABAg.A65nxnBZ4VqA662VVcQ4No","Ya namanya juga judul dibikin lebay biar menarik dibuka","208","false","https://www.youtube.com/watch?v=uXs-5eCfCHI&t=57s","9 days ago","0","Ugykh8LUz4H9DPG48qJ4AaABAg","SUZUKI SIAP BANTAI MOBIL CINA, Siapkan Mobil Listrik Terjangkau!","reply","uXs-5eCfCHI","0"
"@rofflyedwin2423","false","UgxH77s8yM-M8Kd9xNB4AaABAg","pasti harganya mirip2 hundai sekarang, mimpi klo harga dibawah 300jt","208","false","https://www.youtube.com/watch?v=uXs-5eCfCHI&t=57s","10 days ago","0",,"SUZUKI SIAP BANTAI MOBIL CINA, Siapkan Mobil Listrik Terjangkau!","comment","uXs-5eCfCHI","1"
"@rudikoswara1295","false","UgxAeg9jhyWZ2rNbjQJ4AaABAg","Masih konsep..😂😂😂
Pabrikan jepun, nangis gak besuara...
Dah Di injek2 ama mochin","208","false","https://www.youtube.com/watch?v=uXs-5eCfCHI&t=57s","10 days ago (edited)","0",,"SUZUKI SIAP BANTAI MOBIL CINA, Siapkan Mobil Listrik Terjangkau!","comment","uXs-5eCfCHI","0"
"@FCS2206","false","UgytZCjPuP9bid51_4p4AaABAg","Yang selalu kuperhatikan waktu om rosano ngomong ""untuk detailnya simak sepuwuharik dari..."" Cepet banget ngomongnya 😂","208","false","https://www.youtube.com/watch?v=uXs-5eCfCHI&t=57s","10 days ago","1",,"SUZUKI SIAP BANTAI MOBIL CINA, Siapkan Mobil Listrik Terjangkau!","comment","uXs-5eCfCHI","2"
"@lelucon8469","false","UgwthSgltagrSVqPR8R4AaABAg","Kalian inget Suzuki Baleno consep, sangat jauh dari konsep ,jng berharap dia bakal bagus dan sama","208","false","https://www.youtube.com/watch?v=uXs-5eCfCHI&t=57s","10 days ago","0",,"SUZUKI SIAP BANTAI MOBIL CINA, Siapkan Mobil Listrik Terjangkau!","comment","uXs-5eCfCHI","2"
"@ZainalArifin-bm5nc","false","UgyPn2ryzfEPum9RHjZ4AaABAg","Wow","208","false","https://www.youtube.com/watch?v=uXs-5eCfCHI&t=57s","10 days ago","0",,"SUZUKI SIAP BANTAI MOBIL CINA, Siapkan Mobil Listrik Terjangkau!","comment","uXs-5eCfCHI","0"
"@Diky-cy3ju","false","UgwSl4VM_Pvsdwc2hhd4AaABAg","Gilaa produsen otomotif mobil EV toyota,suzuki jepang pun gk mau kalah saing dengan produk cina","208","false","https://www.youtube.com/watch?v=uXs-5eCfCHI&t=57s","10 days ago (edited)","0",,"SUZUKI SIAP BANTAI MOBIL CINA, Siapkan Mobil Listrik Terjangkau!","comment","uXs-5eCfCHI","0"
"@irsancarista7785","false","UgzllzhrFiyDxmHyHiV4AaABAg","Keren dan sporty banget nih mobil 🔥
#SuzukiSelaluDihati ❤","208","false","https://www.youtube.com/watch?v=uXs-5eCfCHI&t=57s","10 days ago","1",,"SUZUKI SIAP BANTAI MOBIL CINA, Siapkan Mobil Listrik Terjangkau!","comment","uXs-5eCfCHI","1"
"@buswayman","false","Ugym4EEgzC944ElIhLt4AaABAg","terus harganya digoreng, harga pricelist 500jt, digoreng jadi 800.... 😂😂😂","208","false","https://www.youtube.com/watch?v=uXs-5eCfCHI&t=57s","10 days ago","0",,"SUZUKI SIAP BANTAI MOBIL CINA, Siapkan Mobil Listrik Terjangkau!","comment","uXs-5eCfCHI","0"
"@irmayuniar8229","false","UgxY6vWXHcq162xLcEN4AaABAg","Yang ditunggu tunggu ayolah pemerintah indonesia loloskan saaajaaa dan jangan mahal2","208","false","https://www.youtube.com/watch?v=uXs-5eCfCHI&t=57s","10 days ago","1",,"SUZUKI SIAP BANTAI MOBIL CINA, Siapkan Mobil Listrik Terjangkau!","comment","uXs-5eCfCHI","0"
"@rahimharahap6540","false","Ugyru6Ah3e16n_hv7gR4AaABAg","Sementara honda buat sepeda listrik em1 ngaku2 sebagai motor listrik, padahal rangenya cuma 25km dan top speed 40km, dengan pede nya si honda jual 45jt🤣, lawak kali brand satu itu, mobil listrik brand lain nnti bermain di harga 500jt si honda jual 1,5milyar dengan kalimat jualan fun to drive🤣","208","false","https://www.youtube.com/watch?v=uXs-5eCfCHI&t=57s","10 days ago","0",,"SUZUKI SIAP BANTAI MOBIL CINA, Siapkan Mobil Listrik Terjangkau!","comment","uXs-5eCfCHI","1"
"@Syeikhbrekelek","false","UgyUd44-Pn_mvN_Hwjt4AaABAg","Sipppp","208","false","https://www.youtube.com/watch?v=uXs-5eCfCHI&t=57s","10 days ago","0",,"SUZUKI SIAP BANTAI MOBIL CINA, Siapkan Mobil Listrik Terjangkau!","comment","uXs-5eCfCHI","0"
"@adhevioscornovyansar1984","false","UgxTLUYB0xjgn5LglXJ4AaABAg","Suzuki paling yahuud","208","false","https://www.youtube.com/watch?v=uXs-5eCfCHI&t=57s","10 days ago","0",,"SUZUKI SIAP BANTAI MOBIL CINA, Siapkan Mobil Listrik Terjangkau!","comment","uXs-5eCfCHI","2"
"@FrandyTan","false","UgxjxZXrhv5-uDOgqW94AaABAg","Masi concept. Pass diproduksi, mobil cina keluarin model baru harga lebih murah. 😂😂","208","false","https://www.youtube.com/watch?v=uXs-5eCfCHI&t=57s","10 days ago","0",,"SUZUKI SIAP BANTAI MOBIL CINA, Siapkan Mobil Listrik Terjangkau!","comment","uXs-5eCfCHI","0"
"@rohitelislamy3783","false","UgwPOiXbh7e26Yd0Uud4AaABAg","Waaahhh Suzuki Semakin Mantaaapp","208","false","https://www.youtube.com/watch?v=uXs-5eCfCHI&t=57s","10 days ago","0",,"SUZUKI SIAP BANTAI MOBIL CINA, Siapkan Mobil Listrik Terjangkau!","comment","uXs-5eCfCHI","2"
"@user-ku6tx7ox2t","false","UgygK6__ArB3B5alkhF4AaABAg","Prototip😅😅 ora lah india hee..Berat boss sudah jauh tertinggal..bekas nya drop😅😅","208","false","https://www.youtube.com/watch?v=uXs-5eCfCHI&t=57s","10 days ago (edited)","0",,"SUZUKI SIAP BANTAI MOBIL CINA, Siapkan Mobil Listrik Terjangkau!","comment","uXs-5eCfCHI","0"
"@ginger55555","false","UgziPz9Zf4G4ES5GYkR4AaABAg","Kalau harga 250-300 sih laris….
Saran: adas hilangin, manual seat dan manual bagasi….","208","false","https://www.youtube.com/watch?v=uXs-5eCfCHI&t=57s","10 days ago","1",,"SUZUKI SIAP BANTAI MOBIL CINA, Siapkan Mobil Listrik Terjangkau!","comment","uXs-5eCfCHI","1"
"@bennhwang8203","false","Ugz-u8yvpJpbAMxgjP94AaABAg","Syukur2 yg d jual ntar tulen Sijuki, bkn Suzubharatha","208","false","https://www.youtube.com/watch?v=uXs-5eCfCHI&t=57s","10 days ago","0",,"SUZUKI SIAP BANTAI MOBIL CINA, Siapkan Mobil Listrik Terjangkau!","comment","uXs-5eCfCHI","0"
"@pijarpij5947","false","Ugy8vlKyToylQBNVIU14AaABAg","Harganya 338jt dong, kan suzuki,,
Biar mantab lawan china punya","208","false","https://www.youtube.com/watch?v=uXs-5eCfCHI&t=57s","10 days ago","0",,"SUZUKI SIAP BANTAI MOBIL CINA, Siapkan Mobil Listrik Terjangkau!","comment","uXs-5eCfCHI","0"
"@kowawawa","false","Ugz3I27ZdfKmpmRbuOx4AaABAg","Bingung orang masih pada beli Toyota & Honda yg harganya udah ga masuk di akal sedangkan ada yg kaya begini di depan mata.","208","false","https://www.youtube.com/watch?v=uXs-5eCfCHI&t=57s","10 days ago","0",,"SUZUKI SIAP BANTAI MOBIL CINA, Siapkan Mobil Listrik Terjangkau!","comment","uXs-5eCfCHI","0"
"@sharpred8316","false","UgxMHo6gGbgjl_upI1l4AaABAg","Jepang bikin ev? Hmmm...","208","false","https://www.youtube.com/watch?v=uXs-5eCfCHI&t=57s","10 days ago","0",,"SUZUKI SIAP BANTAI MOBIL CINA, Siapkan Mobil Listrik Terjangkau!","comment","uXs-5eCfCHI","0"
"@alidefiore_id","false","UgytZCjPuP9bid51_4p4AaABAg.A64oeCXPOCsA6EtM9mT44p","pas closing lbh cepet lagi smpe gatau ngomong paan...","208","false","https://www.youtube.com/watch?v=uXs-5eCfCHI&t=57s","6 days ago","0","UgytZCjPuP9bid51_4p4AaABAg","SUZUKI SIAP BANTAI MOBIL CINA, Siapkan Mobil Listrik Terjangkau!","reply","uXs-5eCfCHI","1"
"@taksionlineelektricchannel6842","false","UgzllzhrFiyDxmHyHiV4AaABAg.A64faQ-a0BzA66sj2X4igo","Mirip"" Xforcenya Mitsubishi....😅","208","false","https://www.youtube.com/watch?v=uXs-5eCfCHI&t=57s","9 days ago","0","UgzllzhrFiyDxmHyHiV4AaABAg","SUZUKI SIAP BANTAI MOBIL CINA, Siapkan Mobil Listrik Terjangkau!","reply","uXs-5eCfCHI","0"
"@Anjing_Galak","false","UgxY6vWXHcq162xLcEN4AaABAg.A64aTHvyqYJA65CCLuMure","Lah apa hubungannya sma pemerintah ? Mana ada pemerintah melarang EV 😂","208","false","https://www.youtube.com/watch?v=uXs-5eCfCHI&t=57s","10 days ago","0","UgxY6vWXHcq162xLcEN4AaABAg","SUZUKI SIAP BANTAI MOBIL CINA, Siapkan Mobil Listrik Terjangkau!","reply","uXs-5eCfCHI","0"
"@AriefAsakura","false","UgziPz9Zf4G4ES5GYkR4AaABAg.A64UzgxiaxUA67ZILFuFxx","wah harga segitu sih malah mobil EV cina yg bakal ketar ketir 😂","208","false","https://www.youtube.com/watch?v=uXs-5eCfCHI&t=57s","9 days ago","0","UgziPz9Zf4G4ES5GYkR4AaABAg","SUZUKI SIAP BANTAI MOBIL CINA, Siapkan Mobil Listrik Terjangkau!","reply","uXs-5eCfCHI","0"
"@saunghalilintar","false","UgxPc-CKULoS0i8jEAZ4AaABAg","Ini bagus, nabung dulu ah buat siap2 tahun depan","208","false","https://www.youtube.com/watch?v=uXs-5eCfCHI&t=57s","10 days ago","0",,"SUZUKI SIAP BANTAI MOBIL CINA, Siapkan Mobil Listrik Terjangkau!","comment","uXs-5eCfCHI","2"
"@hanrysetiawan4891","false","Ugz1eTL39rc1xLqy2yx4AaABAg","Suzuki selalu dipandang sebelah mata di Indonesia... Ironis.. .😅","208","false","https://www.youtube.com/watch?v=uXs-5eCfCHI&t=57s","10 days ago","0",,"SUZUKI SIAP BANTAI MOBIL CINA, Siapkan Mobil Listrik Terjangkau!","comment","uXs-5eCfCHI","0"
"@didikkwok","false","UgwSaSdpizMbN72mDyN4AaABAg","Semoga desain, kelengkapan, dan fitur versi produksinya ngga didowngrade dari versi konsepnya seperti yang sudah-sudah","208","false","https://www.youtube.com/watch?v=uXs-5eCfCHI&t=57s","10 days ago","0",,"SUZUKI SIAP BANTAI MOBIL CINA, Siapkan Mobil Listrik Terjangkau!","comment","uXs-5eCfCHI","1"
"@stevefrank4060","false","Ugzt5z8MhroZD9Yemi14AaABAg","Jd cameo di autonetmagz wkwkw","208","false","https://www.youtube.com/watch?v=uXs-5eCfCHI&t=57s","10 days ago","0",,"SUZUKI SIAP BANTAI MOBIL CINA, Siapkan Mobil Listrik Terjangkau!","comment","uXs-5eCfCHI","1"
"@yulusleonard985","false","Ugz1RE0WXIwpvg1S_RV4AaABAg","Abis liat  mobil   baru SAIC dan  Geely, nga minat lagi. Dari orang yang dulu pake Suzuki.","208","false","https://www.youtube.com/watch?v=uXs-5eCfCHI&t=57s","10 days ago (edited)","0",,"SUZUKI SIAP BANTAI MOBIL CINA, Siapkan Mobil Listrik Terjangkau!","comment","uXs-5eCfCHI","0"
"@NRJ01","false","UgzCt1solbgw5OvVvAZ4AaABAg","Di mirip-miripin x force ya bos","208","false","https://www.youtube.com/watch?v=uXs-5eCfCHI&t=57s","10 days ago","0",,"SUZUKI SIAP BANTAI MOBIL CINA, Siapkan Mobil Listrik Terjangkau!","comment","uXs-5eCfCHI","1"
"@ridwank.8821","false","UgyD19wzOeXiT7QwZh14AaABAg","Cirikhas endingnya mesti harus di slow....ngomongnya cepet banget😂","208","false","https://www.youtube.com/watch?v=uXs-5eCfCHI&t=57s","10 days ago","0",,"SUZUKI SIAP BANTAI MOBIL CINA, Siapkan Mobil Listrik Terjangkau!","comment","uXs-5eCfCHI","0"
"@budi848","false","UgxwBTE6jfl5M9Zve9V4AaABAg","Kalau melihat fasilitas SPLKU di Indonesia, better mobil hybrid sih. Bisa diandalkan kapanpun. Klo mobil listrik bakal was-was perjalanan jauh. Bahkan di Negara maju aja sebagian besar ingin balik ke mobil konvensional gegara fasilitas SPLKU yang kurang","208","false","https://www.youtube.com/watch?v=uXs-5eCfCHI&t=57s","10 days ago","3",,"SUZUKI SIAP BANTAI MOBIL CINA, Siapkan Mobil Listrik Terjangkau!","comment","uXs-5eCfCHI","0"
"@FathurRahmanMarifatullah","false","Ugwf_0VK56yA9YiuYqV4AaABAg","Ini baru inovasi tiada henti...","208","false","https://www.youtube.com/watch?v=uXs-5eCfCHI&t=57s","10 days ago","0",,"SUZUKI SIAP BANTAI MOBIL CINA, Siapkan Mobil Listrik Terjangkau!","comment","uXs-5eCfCHI","2"
"@haihai1190","false","UgyXQ2EAq1QtRV_kvxR4AaABAg","Suzuki gk perlu fitur-fitur gk guna, yang penting tahan lama,  karena kelemahan mobil China ya elektroniknya banyak masalah, banyak fitur = perawatan mahal, Suzuki cukup pakai fitur-fitur penting aja.","208","false","https://www.youtube.com/watch?v=uXs-5eCfCHI&t=57s","10 days ago","0",,"SUZUKI SIAP BANTAI MOBIL CINA, Siapkan Mobil Listrik Terjangkau!","comment","uXs-5eCfCHI","0"
"@nofrijalrijal3695","false","UgyJ7DZtWIjyPB7Wu4h4AaABAg","Mantap sih, tapi nanti klo VIRAL MALAH HARGANYA DI GORENG","208","false","https://www.youtube.com/watch?v=uXs-5eCfCHI&t=57s","10 days ago","0",,"SUZUKI SIAP BANTAI MOBIL CINA, Siapkan Mobil Listrik Terjangkau!","comment","uXs-5eCfCHI","0"
"@rachmanhakim5842","false","UgxBDRKYZC2ZgxOVSlp4AaABAg","Konsepnya mantep ke arah kejepangan. Nanti pas lounching pasti selera india nehi nehiiii😂","208","false","https://www.youtube.com/watch?v=uXs-5eCfCHI&t=57s","10 days ago","0",,"SUZUKI SIAP BANTAI MOBIL CINA, Siapkan Mobil Listrik Terjangkau!","comment","uXs-5eCfCHI","1"
"@omfaisdaily","false","UgxHiB3oP2VJyXaJW9B4AaABAg","ngiler.....😊","208","false","https://www.youtube.com/watch?v=uXs-5eCfCHI&t=57s","10 days ago","0",,"SUZUKI SIAP BANTAI MOBIL CINA, Siapkan Mobil Listrik Terjangkau!","comment","uXs-5eCfCHI","0"
"@Video-co1eu","false","UgxIr8bzkTuJcCJ_AHB4AaABAg","Semoga yang terakhir rumornya benar, dgn gearbox bisa hemat banget apalagi buat luar kota, rpm bisa rendah buat motor listrik dan tetap berada di torsi maksimal toh selama ini ev bisa boros bgt krn, hambatan angin ya itu normal dan paling penting rpm motor listriknya itu udah tinggi bgt ujung-ujungnya torsi maksimalnya kurang","208","false","https://www.youtube.com/watch?v=uXs-5eCfCHI&t=57s","10 days ago (edited)","0",,"SUZUKI SIAP BANTAI MOBIL CINA, Siapkan Mobil Listrik Terjangkau!","comment","uXs-5eCfCHI","0"
"@bayuprastyo3902","false","UgxEKtv8Sq3vcMuxVwh4AaABAg","Apa iya? 😂😂😂 konsep doang dibanyakin produksinya nggak.","208","false","https://www.youtube.com/watch?v=uXs-5eCfCHI&t=57s","10 days ago (edited)","0",,"SUZUKI SIAP BANTAI MOBIL CINA, Siapkan Mobil Listrik Terjangkau!","comment","uXs-5eCfCHI","0"
"@buatapaaja4443","false","UgwBxVVYJGfjq37ScCt4AaABAg","Kelamaan, baru concept...China udah duluan","208","false","https://www.youtube.com/watch?v=uXs-5eCfCHI&t=57s","10 days ago","0",,"SUZUKI SIAP BANTAI MOBIL CINA, Siapkan Mobil Listrik Terjangkau!","comment","uXs-5eCfCHI","0"
"@mrizki77","false","Ugy2y04PLJOcfaw85Qx4AaABAg","Om reveuw jetour dashing atuh ,,","208","false","https://www.youtube.com/watch?v=uXs-5eCfCHI&t=57s","10 days ago","0",,"SUZUKI SIAP BANTAI MOBIL CINA, Siapkan Mobil Listrik Terjangkau!","comment","uXs-5eCfCHI","0"
"@agussetiyawan314","false","UgwQvsOdQHv23TKKg4Z4AaABAg","Hinaan netizen paling parah di motor Suzuki dahysat bang, sampai akhirnya beli nex 2.
High quality sih banding Honda dan Yamaha.","208","false","https://www.youtube.com/watch?v=uXs-5eCfCHI&t=57s","10 days ago","0",,"SUZUKI SIAP BANTAI MOBIL CINA, Siapkan Mobil Listrik Terjangkau!","comment","uXs-5eCfCHI","0"
"@ferihendrotheblues4931","false","Ugy3-vJ3Na7dLzmPEyB4AaABAg","animasi keren banget","208","false","https://www.youtube.com/watch?v=uXs-5eCfCHI&t=57s","10 days ago","0",,"SUZUKI SIAP BANTAI MOBIL CINA, Siapkan Mobil Listrik Terjangkau!","comment","uXs-5eCfCHI","1"
"@dhaurgiesnaalghiefary9120","false","UgzgiI2oJYN7d6DWK5F4AaABAg","Bedeeh depan galak kyk bulldog","208","false","https://www.youtube.com/watch?v=uXs-5eCfCHI&t=57s","10 days ago","0",,"SUZUKI SIAP BANTAI MOBIL CINA, Siapkan Mobil Listrik Terjangkau!","comment","uXs-5eCfCHI","0"
"@yulusleonard985","false","UgxwBTE6jfl5M9Zve9V4AaABAg.A64KOdjThtkA64LPn1muCj","Tergantung  seriuus atau tidak  saja negaranya  membangun  SPKLU. China bangun 600.000 SPKLU dalam 1 tahun. Amerika kalau bensin  habis, bom negara   lain  jadi    mereka  tidak  begitu serius.","208","false","https://www.youtube.com/watch?v=uXs-5eCfCHI&t=57s","10 days ago","0","UgxwBTE6jfl5M9Zve9V4AaABAg","SUZUKI SIAP BANTAI MOBIL CINA, Siapkan Mobil Listrik Terjangkau!","reply","uXs-5eCfCHI","0"
"@budi848","false","UgxwBTE6jfl5M9Zve9V4AaABAg.A64KOdjThtkA64eBua-my1"," @yulusleonard985  Pasti sudah bisa jawab dong keseriusan negara ini bangun SPLKU?","208","false","https://www.youtube.com/watch?v=uXs-5eCfCHI&t=57s","10 days ago","0","UgxwBTE6jfl5M9Zve9V4AaABAg","SUZUKI SIAP BANTAI MOBIL CINA, Siapkan Mobil Listrik Terjangkau!","reply","uXs-5eCfCHI","0"
"@yulusleonard985","false","UgxwBTE6jfl5M9Zve9V4AaABAg.A64KOdjThtkA64euAChW0P"," @budi848  PLN ya  serius  karena kalau mau  cari SPKLU   yang berfungsi  ya di PLN. Di luar itu    di  urus swasta kayak pengelola hotel, pengelola  rest  area  sama dealer wuling.","208","false","https://www.youtube.com/watch?v=uXs-5eCfCHI&t=57s","10 days ago","0","UgxwBTE6jfl5M9Zve9V4AaABAg","SUZUKI SIAP BANTAI MOBIL CINA, Siapkan Mobil Listrik Terjangkau!","reply","uXs-5eCfCHI","0"
"@prophechoo","false","UgwtQ0uVRXZY5CDLukF4AaABAg","1st car swift, kedua ertiga, yuk bisa yuk yg ketiga EVX","208","false","https://www.youtube.com/watch?v=uXs-5eCfCHI&t=57s","10 days ago","0",,"SUZUKI SIAP BANTAI MOBIL CINA, Siapkan Mobil Listrik Terjangkau!","comment","uXs-5eCfCHI","0"
"@purolgondes4195","false","UgzmRYCFtpDBgprJs2x4AaABAg","Biasanya consept Suzuki sama versi produksi melenceng apalagi diproduksi di negeri nehi nehi, mungkin klo diproduksi japanese agak percaya","208","false","https://www.youtube.com/watch?v=uXs-5eCfCHI&t=57s","10 days ago","0",,"SUZUKI SIAP BANTAI MOBIL CINA, Siapkan Mobil Listrik Terjangkau!","comment","uXs-5eCfCHI","1"
"@reinaldoagustio2600","false","Ugw-426b-z2yLiYMAQ54AaABAg","Knp nggak lgs dijual dgn hrg kompetitif.. ntar keburu nyaman dgn merk2 ev chinna dah malas pindah ke merk2 jepang lagi yg pasti nggak bisa lbh murah dari ev chinna.","208","false","https://www.youtube.com/watch?v=uXs-5eCfCHI&t=57s","10 days ago","0",,"SUZUKI SIAP BANTAI MOBIL CINA, Siapkan Mobil Listrik Terjangkau!","comment","uXs-5eCfCHI","0"
"@saptaRI86","false","Ugw5-gPJVE4t-k-JeLl4AaABAg","Sepertinya sulit otomotif jepang bersaing harga dgn otomotif china min....","208","false","https://www.youtube.com/watch?v=uXs-5eCfCHI&t=57s","10 days ago","0",,"SUZUKI SIAP BANTAI MOBIL CINA, Siapkan Mobil Listrik Terjangkau!","comment","uXs-5eCfCHI","0"
"@jokotrimartono1701","false","UgxizquRIS4ylNWBcAR4AaABAg","Keren mobil nya.. keren video nya.. keren review nya..👍👍","208","false","https://www.youtube.com/watch?v=uXs-5eCfCHI&t=57s","10 days ago","0",,"SUZUKI SIAP BANTAI MOBIL CINA, Siapkan Mobil Listrik Terjangkau!","comment","uXs-5eCfCHI","1"
"@UDKUntukDikenang","false","UgxA5TqDV0JE8dhvHyJ4AaABAg","Cakep, jepang memang masih ketinggalan terkait teknologi dan global supply chain elektrifikasi. Pasti pengen mengejar tiongkok. The race started","208","false","https://www.youtube.com/watch?v=uXs-5eCfCHI&t=57s","10 days ago","2",,"SUZUKI SIAP BANTAI MOBIL CINA, Siapkan Mobil Listrik Terjangkau!","comment","uXs-5eCfCHI","2"
"@Animalbutlers","false","UgzEjZLoHOYlFULKkLV4AaABAg","Tapi belum ada fitur pilot Drive kyk di li-auto, zeekr, Geely, seres 7&9","208","false","https://www.youtube.com/watch?v=uXs-5eCfCHI&t=57s","10 days ago (edited)","1",,"SUZUKI SIAP BANTAI MOBIL CINA, Siapkan Mobil Listrik Terjangkau!","comment","uXs-5eCfCHI","1"
"@AA-xk4xu","false","UgwHSN7ScQ0ZYBXZlK14AaABAg","10 hal yg bwdvtrfccsethkoygd Suzuki evx concept","208","false","https://www.youtube.com/watch?v=uXs-5eCfCHI&t=57s","10 days ago","0",,"SUZUKI SIAP BANTAI MOBIL CINA, Siapkan Mobil Listrik Terjangkau!","comment","uXs-5eCfCHI","0"
"@AhmadFauzi-rn4lm","false","UgwQpqmGsFUst8zGDkR4AaABAg","Tinggal buat juga yang 7 penumpang.. range 500 km juga sekali full charge... Aku juga Suzuki Family...","208","false","https://www.youtube.com/watch?v=uXs-5eCfCHI&t=57s","10 days ago (edited)","0",,"SUZUKI SIAP BANTAI MOBIL CINA, Siapkan Mobil Listrik Terjangkau!","comment","uXs-5eCfCHI","0"
"@mohamadristiyanto2705","false","UgxgvHB8OP73hM4r0pB4AaABAg","Mirip espresso","208","false","https://www.youtube.com/watch?v=uXs-5eCfCHI&t=57s","10 days ago","0",,"SUZUKI SIAP BANTAI MOBIL CINA, Siapkan Mobil Listrik Terjangkau!","comment","uXs-5eCfCHI","0"
"@abdrosyid643","false","UgyLmrEuUMcRTVjAJT94AaABAg","Aq sudh subscribe sdh lama tp heran smpai skrg blm juga 1jt, padahl chanel sblh sdh 1jt subscribe","208","false","https://www.youtube.com/watch?v=uXs-5eCfCHI&t=57s","10 days ago","1",,"SUZUKI SIAP BANTAI MOBIL CINA, Siapkan Mobil Listrik Terjangkau!","comment","uXs-5eCfCHI","1"
"@steavehendrikh8338","false","UgyQCrxoVLPh_WfuEpt4AaABAg","Ga bisa berharap banyak terhadap produk Suzuki. 😂😂😂.","208","false","https://www.youtube.com/watch?v=uXs-5eCfCHI&t=57s","10 days ago","0",,"SUZUKI SIAP BANTAI MOBIL CINA, Siapkan Mobil Listrik Terjangkau!","comment","uXs-5eCfCHI","0"
"@Lqstar310","false","UgxDa8vFAqmFppAWMUV4AaABAg","Menyala Maruti 🔥🔥🔥","208","false","https://www.youtube.com/watch?v=uXs-5eCfCHI&t=57s","10 days ago","0",,"SUZUKI SIAP BANTAI MOBIL CINA, Siapkan Mobil Listrik Terjangkau!","comment","uXs-5eCfCHI","0"
"@hapeanyar2425","false","UgzUffxxOy5wrgFy6z54AaABAg","Konsep nya WOW 😂 yg datang PRINDAVAN","208","false","https://www.youtube.com/watch?v=uXs-5eCfCHI&t=57s","10 days ago","0",,"SUZUKI SIAP BANTAI MOBIL CINA, Siapkan Mobil Listrik Terjangkau!","comment","uXs-5eCfCHI","0"
"@XO3nXO3n","false","Ugz2RVlxtGRhfuCZYm94AaABAg","Kerennnn","208","false","https://www.youtube.com/watch?v=uXs-5eCfCHI&t=57s","10 days ago","0",,"SUZUKI SIAP BANTAI MOBIL CINA, Siapkan Mobil Listrik Terjangkau!","comment","uXs-5eCfCHI","0"
"@romsaid8651","false","UgxYXT08PYjEG-LDxRp4AaABAg","Ini EvX bakal jadi rivalnya Kona Ev gak sih?","208","false","https://www.youtube.com/watch?v=uXs-5eCfCHI&t=57s","10 days ago","0",,"SUZUKI SIAP BANTAI MOBIL CINA, Siapkan Mobil Listrik Terjangkau!","comment","uXs-5eCfCHI","0"
"@chepyklone4071","false","UgzGbK5LT9neTPl0gqZ4AaABAg","layar mid nya menghalangi pandangan k dpn 😮","208","false","https://www.youtube.com/watch?v=uXs-5eCfCHI&t=57s","10 days ago","0",,"SUZUKI SIAP BANTAI MOBIL CINA, Siapkan Mobil Listrik Terjangkau!","comment","uXs-5eCfCHI","0"
"@FajriSuryaPutra","false","UgxgYesxIvrYdxgXoON4AaABAg","Editannyyaaaa.....!!!! Mantep Bosquee...!!! Gue berasa nonton TVC seharga miliaran... Mobil yang biasa aja berasa mahal banget","208","false","https://www.youtube.com/watch?v=uXs-5eCfCHI&t=57s","10 days ago","0",,"SUZUKI SIAP BANTAI MOBIL CINA, Siapkan Mobil Listrik Terjangkau!","comment","uXs-5eCfCHI","2"
"@dwikipratyakso7097","false","UgxTuse79UnzGGGWIJN4AaABAg","Untuk dari segi desain mobil konsep ini Memang menggugah selera banget, CAKEP... Semoga untuk produksi masalnya gak beda jauh bentuknya termasuk stir mobilnya.

Tp yg bener2 bikin laku apa gak ya tergantung fitur.... Klo harganya sama, tp fitur jauh sm china, ya wasallam.....","208","false","https://www.youtube.com/watch?v=uXs-5eCfCHI&t=57s","10 days ago","5",,"SUZUKI SIAP BANTAI MOBIL CINA, Siapkan Mobil Listrik Terjangkau!","comment","uXs-5eCfCHI","2"
"@mugenmugen9937","false","UgzcTXC6WLBYZgjB_E54AaABAg","Suzuki swift masukin","208","false","https://www.youtube.com/watch?v=uXs-5eCfCHI&t=57s","10 days ago","0",,"SUZUKI SIAP BANTAI MOBIL CINA, Siapkan Mobil Listrik Terjangkau!","comment","uXs-5eCfCHI","0"
"@dianadinda9283","false","UgxA5TqDV0JE8dhvHyJ4AaABAg.A64BUym7yd9A64RXUTyf0C","Sebenernya ga ketinggalan. Honda pun sudah bnyk yg elektrik di jepang sana. Tp mereka belum bisa bikin yg murah","208","false","https://www.youtube.com/watch?v=uXs-5eCfCHI&t=57s","10 days ago","0","UgxA5TqDV0JE8dhvHyJ4AaABAg","SUZUKI SIAP BANTAI MOBIL CINA, Siapkan Mobil Listrik Terjangkau!","reply","uXs-5eCfCHI","1"
"@iqbalfadillah124","false","UgxA5TqDV0JE8dhvHyJ4AaABAg.A64BUym7yd9A64a7MglF3X","Akibat overhead kali ya. Biaya gaji insinyur jepang tinggi. Dan r n d jepang lama","208","false","https://www.youtube.com/watch?v=uXs-5eCfCHI&t=57s","10 days ago","0","UgxA5TqDV0JE8dhvHyJ4AaABAg","SUZUKI SIAP BANTAI MOBIL CINA, Siapkan Mobil Listrik Terjangkau!","reply","uXs-5eCfCHI","0"
"@AriefAsakura","false","UgzEjZLoHOYlFULKkLV4AaABAg.A649ahj9GzNA67YwQxzouy","ya jangan lah.. biar murah, bisa kebeli","208","false","https://www.youtube.com/watch?v=uXs-5eCfCHI&t=57s","9 days ago","0","UgzEjZLoHOYlFULKkLV4AaABAg","SUZUKI SIAP BANTAI MOBIL CINA, Siapkan Mobil Listrik Terjangkau!","reply","uXs-5eCfCHI","0"
"@abdrosyid643","false","UgyLmrEuUMcRTVjAJT94AaABAg.A648R7Hpc8GA648WcUsRxK","Dan menurut q Chanel ini layak Krn penyampaian dan vidio.nya sangat lengkap","208","false","https://www.youtube.com/watch?v=uXs-5eCfCHI&t=57s","10 days ago","0","UgyLmrEuUMcRTVjAJT94AaABAg","SUZUKI SIAP BANTAI MOBIL CINA, Siapkan Mobil Listrik Terjangkau!","reply","uXs-5eCfCHI","2"
"@dzakyrahmadnawari2668","false","UgxTuse79UnzGGGWIJN4AaABAg.A6467jROzh4A64AVMYaVz7","dari yang udah udah sih, pabrikan slain china sih psti pelit fitur apalgi suzuki, ertiga aja masih halo ehhh wkwkwk... jadiii ya ngk bsa berharap banyak seperti pabrikan china","208","false","https://www.youtube.com/watch?v=uXs-5eCfCHI&t=57s","10 days ago","0","UgxTuse79UnzGGGWIJN4AaABAg","SUZUKI SIAP BANTAI MOBIL CINA, Siapkan Mobil Listrik Terjangkau!","reply","uXs-5eCfCHI","0"
"@haihai1190","false","UgxTuse79UnzGGGWIJN4AaABAg.A6467jROzh4A64IgqeDO9H","Justru yang jualan fitur bakalan kalah, banyak banget mobil listrik China yang elektroniknya bermasalah, nah Suzuki cukup pakai fitur yang penting dan tahan lama, pasti bakalan banyak yang tertarik.

Elektronik banyak = perawatan mahal.","208","false","https://www.youtube.com/watch?v=uXs-5eCfCHI&t=57s","10 days ago","0","UgxTuse79UnzGGGWIJN4AaABAg","SUZUKI SIAP BANTAI MOBIL CINA, Siapkan Mobil Listrik Terjangkau!","reply","uXs-5eCfCHI","0"
"@yulusleonard985","false","UgxTuse79UnzGGGWIJN4AaABAg.A6467jROzh4A64MGhCugzY"," @haihai1190  mobil listrik softwarenya harus  bagus","208","false","https://www.youtube.com/watch?v=uXs-5eCfCHI&t=57s","10 days ago","0","UgxTuse79UnzGGGWIJN4AaABAg","SUZUKI SIAP BANTAI MOBIL CINA, Siapkan Mobil Listrik Terjangkau!","reply","uXs-5eCfCHI","0"
"@haihai1190","false","UgxTuse79UnzGGGWIJN4AaABAg.A6467jROzh4A64Xgbn8Gmy"," @yulusleonard985  Makanya jangan terlalu banyak fitur kayak masalah mobil China, jadi software error ya fitur gk bekerja, belum lagi kalau sudah ketinggalan jaman pasti jadi masalah lagi.","208","false","https://www.youtube.com/watch?v=uXs-5eCfCHI&t=57s","10 days ago","0","UgxTuse79UnzGGGWIJN4AaABAg","SUZUKI SIAP BANTAI MOBIL CINA, Siapkan Mobil Listrik Terjangkau!","reply","uXs-5eCfCHI","0"
"@yulusleonard985","false","UgxTuse79UnzGGGWIJN4AaABAg.A6467jROzh4A64eaA44Ryr"," @haihai1190  Yang serkarang banyak masalah itu mobil eropa, Jerman. Itu BYD barusan update software.","208","false","https://www.youtube.com/watch?v=uXs-5eCfCHI&t=57s","10 days ago","0","UgxTuse79UnzGGGWIJN4AaABAg","SUZUKI SIAP BANTAI MOBIL CINA, Siapkan Mobil Listrik Terjangkau!","reply","uXs-5eCfCHI","0"
"@densiswo6857","false","UgzdhoZnKjlMzGofYfV4AaABAg","Bakal beda jauhlah sama hasil yg di pabrikasi nanti","208","false","https://www.youtube.com/watch?v=uXs-5eCfCHI&t=57s","10 days ago","0",,"SUZUKI SIAP BANTAI MOBIL CINA, Siapkan Mobil Listrik Terjangkau!","comment","uXs-5eCfCHI","1"
"@e_miilchannel8535","false","Ugzpr9RqqDWqsO2nk7R4AaABAg","depannya gagah, tp pas liat belakangnya keliatan kurang melandai, jadi kaya joko kendil","208","false","https://www.youtube.com/watch?v=uXs-5eCfCHI&t=57s","10 days ago","0",,"SUZUKI SIAP BANTAI MOBIL CINA, Siapkan Mobil Listrik Terjangkau!","comment","uXs-5eCfCHI","0"
"@simplyme5123","false","Ugzs8TEeF-pTb-OnxRt4AaABAg","Concept doang kaya Daihatsu 😂😂

Mass production juga bukan Indonesia marketnya.","208","false","https://www.youtube.com/watch?v=uXs-5eCfCHI&t=57s","10 days ago","0",,"SUZUKI SIAP BANTAI MOBIL CINA, Siapkan Mobil Listrik Terjangkau!","comment","uXs-5eCfCHI","0"
"@Johan-ut8de","false","UgzCK_wVIuPENzOW2Fd4AaABAg","produsen Jepang kesulitan dalam suplai baterai, beda dengan produsen dari Cina","208","false","https://www.youtube.com/watch?v=uXs-5eCfCHI&t=57s","10 days ago","0",,"SUZUKI SIAP BANTAI MOBIL CINA, Siapkan Mobil Listrik Terjangkau!","comment","uXs-5eCfCHI","0"
"@suhaimimoenaf4497","false","UgwkHZC6EKePTO6GLjZ4AaABAg","Suzuki memang mantap praktis dan irit dan cocok disegala medan  dan zaman .. serta tahan tidak ketinggalan mode .... 👍🏼👍🏼👍🏼👍🏼👍🏼","208","false","https://www.youtube.com/watch?v=uXs-5eCfCHI&t=57s","10 days ago","0",,"SUZUKI SIAP BANTAI MOBIL CINA, Siapkan Mobil Listrik Terjangkau!","comment","uXs-5eCfCHI","14"
"@HuaweiHuawei-bp9dz","false","UgwmHelxBwX01uogMDB4AaABAg","Fronx masuk indo ga om?","208","false","https://www.youtube.com/watch?v=uXs-5eCfCHI&t=57s","10 days ago","1",,"SUZUKI SIAP BANTAI MOBIL CINA, Siapkan Mobil Listrik Terjangkau!","comment","uXs-5eCfCHI","2"
"@MrJun","false","UgxkdgWeWNoFIBiIocJ4AaABAg","dateng2 langsung bad ass,,,, semoa bneran jadiiiii.,......","208","false","https://www.youtube.com/watch?v=uXs-5eCfCHI&t=57s","10 days ago","1",,"SUZUKI SIAP BANTAI MOBIL CINA, Siapkan Mobil Listrik Terjangkau!","comment","uXs-5eCfCHI","1"
"@ack_attack","false","UgyLXIcSvRgVX8QbMfV4AaABAg","gimana rasanya belok pakai setir kotak yah? berarti radius putarnya bagus tuh

ada pesan moril di menit 10:18 mantabbbb👍😭","208","false","https://www.youtube.com/watch?v=uXs-5eCfCHI&t=57s","10 days ago","1",,"SUZUKI SIAP BANTAI MOBIL CINA, Siapkan Mobil Listrik Terjangkau!","comment","uXs-5eCfCHI","2"
"@haryopanji711","false","Ugx3cC3UZv1R3WMVR1B4AaABAg","Bisa juga nih buat gantinya Suzuki Ignis tahun depan (2025)","208","false","https://www.youtube.com/watch?v=uXs-5eCfCHI&t=57s","10 days ago","2",,"SUZUKI SIAP BANTAI MOBIL CINA, Siapkan Mobil Listrik Terjangkau!","comment","uXs-5eCfCHI","1"
"@Goldrig","false","UgxjmoYx4GS5gxvIVaF4AaABAg","Concept itu pak, apalagi buatan prindapan dengan backing jepang, makin meragukan untuk bisa ""bantai mobil china"". Sepertinya jepang makin tiarap lawan china, engineer jepang sampai harus belajar ke china skrng untuk EV.","208","false","https://www.youtube.com/watch?v=uXs-5eCfCHI&t=57s","10 days ago (edited)","25",,"SUZUKI SIAP BANTAI MOBIL CINA, Siapkan Mobil Listrik Terjangkau!","comment","uXs-5eCfCHI","4"
"@andrebudiman4506","false","Ugx54SYN1MWV7-NgBxx4AaABAg","Berat","208","false","https://www.youtube.com/watch?v=uXs-5eCfCHI&t=57s","10 days ago","0",,"SUZUKI SIAP BANTAI MOBIL CINA, Siapkan Mobil Listrik Terjangkau!","comment","uXs-5eCfCHI","0"
"@hitacibanteng-mn5eq","false","UgwXXt2n_rOWIf6vKxJ4AaABAg","Masih konsep sep😂😂😂😂","208","false","https://www.youtube.com/watch?v=uXs-5eCfCHI&t=57s","10 days ago","0",,"SUZUKI SIAP BANTAI MOBIL CINA, Siapkan Mobil Listrik Terjangkau!","comment","uXs-5eCfCHI","1"
"@1Fisher6Man8","false","UgyVA_WguNB2duuFyv14AaABAg","Suzuki jualan mimpi, masih konsep, ketinggalan jauh dgn yg lain.. 😅","208","false","https://www.youtube.com/watch?v=uXs-5eCfCHI&t=57s","10 days ago","2",,"SUZUKI SIAP BANTAI MOBIL CINA, Siapkan Mobil Listrik Terjangkau!","comment","uXs-5eCfCHI","0"
"@ekodanusaputro5868","false","UgxDcJS_LD8jZKL1ICp4AaABAg","Semoga produksi masal nya gak jauh melenceng dari konsep nya","208","false","https://www.youtube.com/watch?v=uXs-5eCfCHI&t=57s","10 days ago","2",,"SUZUKI SIAP BANTAI MOBIL CINA, Siapkan Mobil Listrik Terjangkau!","comment","uXs-5eCfCHI","1"
"@Wargaruwetnesia","false","UgzcL--BkSxz-_4g77x4AaABAg","Ditunggu konten kona ev nya min","208","false","https://www.youtube.com/watch?v=uXs-5eCfCHI&t=57s","10 days ago","1",,"SUZUKI SIAP BANTAI MOBIL CINA, Siapkan Mobil Listrik Terjangkau!","comment","uXs-5eCfCHI","0"
"@butterflai_","false","UgzkU2L4GrnVpVsUx_Z4AaABAg","Suka bgt.","208","false","https://www.youtube.com/watch?v=uXs-5eCfCHI&t=57s","10 days ago","0",,"SUZUKI SIAP BANTAI MOBIL CINA, Siapkan Mobil Listrik Terjangkau!","comment","uXs-5eCfCHI","3"
"@widjonopoultryshop","false","UgzS1WEjrEZYlc6DUuN4AaABAg","Emang wajib di bantai mobil cina 😂","208","false","https://www.youtube.com/watch?v=uXs-5eCfCHI&t=57s","10 days ago","0",,"SUZUKI SIAP BANTAI MOBIL CINA, Siapkan Mobil Listrik Terjangkau!","comment","uXs-5eCfCHI","0"
"@goodpeoplethebest","false","UgzGuEQE846G_1RP_k14AaABAg","mirip Creta bnget😂","208","false","https://www.youtube.com/watch?v=uXs-5eCfCHI&t=57s","10 days ago","0",,"SUZUKI SIAP BANTAI MOBIL CINA, Siapkan Mobil Listrik Terjangkau!","comment","uXs-5eCfCHI","1"
"@UbudBali-ew5rt","false","UgwK1_ESTKeIvZZIf6B4AaABAg","hadir om botak 😊","208","false","https://www.youtube.com/watch?v=uXs-5eCfCHI&t=57s","10 days ago","0",,"SUZUKI SIAP BANTAI MOBIL CINA, Siapkan Mobil Listrik Terjangkau!","comment","uXs-5eCfCHI","3"
"@fajardarmawan7558","false","UgyRYD0Og5aOPcxY_ZB4AaABAg","Keren Suzuki...","208","false","https://www.youtube.com/watch?v=uXs-5eCfCHI&t=57s","10 days ago","0",,"SUZUKI SIAP BANTAI MOBIL CINA, Siapkan Mobil Listrik Terjangkau!","comment","uXs-5eCfCHI","6"
"@AriefAsakura","false","UgwmHelxBwX01uogMDB4AaABAg.A643Af21N7VA67Z7Q5b4_s","semoga setelah ngabisin stok ignis tahun ini, fronx bisa masuk 😭","208","false","https://www.youtube.com/watch?v=uXs-5eCfCHI&t=57s","9 days ago","0","UgwmHelxBwX01uogMDB4AaABAg","SUZUKI SIAP BANTAI MOBIL CINA, Siapkan Mobil Listrik Terjangkau!","reply","uXs-5eCfCHI","0"
"@lifeisneverthesame910","false","UgxkdgWeWNoFIBiIocJ4AaABAg.A643-c44bk0A6478UwWCcd","di tahun 2030 kayaknya","208","false","https://www.youtube.com/watch?v=uXs-5eCfCHI&t=57s","10 days ago","0","UgxkdgWeWNoFIBiIocJ4AaABAg","SUZUKI SIAP BANTAI MOBIL CINA, Siapkan Mobil Listrik Terjangkau!","reply","uXs-5eCfCHI","0"
"@lifeisneverthesame910","false","UgyLXIcSvRgVX8QbMfV4AaABAg.A642Z-kpD1FA647EVIhHz3","bagus kalau steering by wire. 4 roda.","208","false","https://www.youtube.com/watch?v=uXs-5eCfCHI&t=57s","10 days ago","0","UgyLXIcSvRgVX8QbMfV4AaABAg","SUZUKI SIAP BANTAI MOBIL CINA, Siapkan Mobil Listrik Terjangkau!","reply","uXs-5eCfCHI","0"
"@agungpurnomo466","false","Ugx3cC3UZv1R3WMVR1B4AaABAg.A642XWNu1ahA645xa03ngg","Harga nya bisa 2-3x ignis","208","false","https://www.youtube.com/watch?v=uXs-5eCfCHI&t=57s","10 days ago","0","Ugx3cC3UZv1R3WMVR1B4AaABAg","SUZUKI SIAP BANTAI MOBIL CINA, Siapkan Mobil Listrik Terjangkau!","reply","uXs-5eCfCHI","1"
"@haryopanji711","false","Ugx3cC3UZv1R3WMVR1B4AaABAg.A642XWNu1ahA64OLWT3xnq"," @agungpurnomo466  Hahaha wajarlah di tahun 2025, 'kan jadi EV","208","false","https://www.youtube.com/watch?v=uXs-5eCfCHI&t=57s","10 days ago","0","Ugx3cC3UZv1R3WMVR1B4AaABAg","SUZUKI SIAP BANTAI MOBIL CINA, Siapkan Mobil Listrik Terjangkau!","reply","uXs-5eCfCHI","0"
"@gentapenarosa7781","false","UgxjmoYx4GS5gxvIVaF4AaABAg.A642SnGWVDeA643T0RqmBM","Giliran buatan indonesia di india mereka org india juga bilang spt ini """" buatan indonesia itu Pak.. jaaauuhh kualitas nya"""".. sblm ngejek negara org lihat dlu negara kita.. apakah sudah baik??
Kamu tau gak india itu udah bisa bikin rudal nuklir.. teknologi mereka maju.. perluas wawasan sebelum mengejek sesuatu itu","208","false","https://www.youtube.com/watch?v=uXs-5eCfCHI&t=57s","10 days ago (edited)","0","UgxjmoYx4GS5gxvIVaF4AaABAg","SUZUKI SIAP BANTAI MOBIL CINA, Siapkan Mobil Listrik Terjangkau!","reply","uXs-5eCfCHI","6"
"@agungpurnomo466","false","UgxjmoYx4GS5gxvIVaF4AaABAg.A642SnGWVDeA645SdQeokr","​ @gentapenarosa7781 emang begitu ya Pak, tanggapan orang India terhadap produk Indonesia?","208","false","https://www.youtube.com/watch?v=uXs-5eCfCHI&t=57s","10 days ago","0","UgxjmoYx4GS5gxvIVaF4AaABAg","SUZUKI SIAP BANTAI MOBIL CINA, Siapkan Mobil Listrik Terjangkau!","reply","uXs-5eCfCHI","0"
"@agungpurnomo466","false","UgxjmoYx4GS5gxvIVaF4AaABAg.A642SnGWVDeA645hBNxrd6","Produk India ga cocok sama Indonesia, hanya masalah desain,karena masalah selera dan peruntukan nya saja.India lebih ke fungsi, Indonesia mikirin gaya juga.
Tapi kalau masalah kualitas,ga ada masalah dengan produk india","208","false","https://www.youtube.com/watch?v=uXs-5eCfCHI&t=57s","10 days ago","0","UgxjmoYx4GS5gxvIVaF4AaABAg","SUZUKI SIAP BANTAI MOBIL CINA, Siapkan Mobil Listrik Terjangkau!","reply","uXs-5eCfCHI","2"
"@thunderedt","false","UgxjmoYx4GS5gxvIVaF4AaABAg.A642SnGWVDeA6467l65jcu","Jer produk belum ada udah dibilang jelek","208","false","https://www.youtube.com/watch?v=uXs-5eCfCHI&t=57s","10 days ago","0","UgxjmoYx4GS5gxvIVaF4AaABAg","SUZUKI SIAP BANTAI MOBIL CINA, Siapkan Mobil Listrik Terjangkau!","reply","uXs-5eCfCHI","0"
"@carmudiID","true","UgxjmoYx4GS5gxvIVaF4AaABAg.A642SnGWVDeA6481tsothD"," @thunderedt begitulah, sudah biasa.. itu juga seringnya ikut2an aja, begitu tau india langsung “jelek jelek” padahal belom liat 😅","208","false","https://www.youtube.com/watch?v=uXs-5eCfCHI&t=57s","10 days ago","0","UgxjmoYx4GS5gxvIVaF4AaABAg","SUZUKI SIAP BANTAI MOBIL CINA, Siapkan Mobil Listrik Terjangkau!","reply","uXs-5eCfCHI","3"
"@syrazganteng716","false","UgxjmoYx4GS5gxvIVaF4AaABAg.A642SnGWVDeA64Q5KyJNUp","Bisanya ya cuma ngejek sih","208","false","https://www.youtube.com/watch?v=uXs-5eCfCHI&t=57s","10 days ago","0","UgxjmoYx4GS5gxvIVaF4AaABAg","SUZUKI SIAP BANTAI MOBIL CINA, Siapkan Mobil Listrik Terjangkau!","reply","uXs-5eCfCHI","0"
"@tartibroucke6110","false","UgxjmoYx4GS5gxvIVaF4AaABAg.A642SnGWVDeA64WsJBubB5","Seolah olah loe yg paling hebat , 😂😂😂modal omdo doank, India dah bisa buat mobil sendiri ,lah elu?😂😂😂","208","false","https://www.youtube.com/watch?v=uXs-5eCfCHI&t=57s","10 days ago","0","UgxjmoYx4GS5gxvIVaF4AaABAg","SUZUKI SIAP BANTAI MOBIL CINA, Siapkan Mobil Listrik Terjangkau!","reply","uXs-5eCfCHI","0"
"@UwaisProRealty","false","UgxjmoYx4GS5gxvIVaF4AaABAg.A642SnGWVDeA64afAIWNVT","Opini lu cm berasumsi dg kata-kata ""sepertinya"",,😮😅
Jepang bukan ga bisa bikin EV atau ketinggalan dr China,, jauh sebelum pabrikan China bikin EV mereka sudah punya banyak mobil EV.. 
Pabrikan² otomotir Jepang melihat pasar EV untuk BEV blm begitu besar persentase nya dari keseluruhan penjualan mobil Dunia, di Indonesia pabrikan Jepang seperti Toyota, lebih banyak merilis Produk Hybrid EV.. jadi liat sikon pasar..","208","false","https://www.youtube.com/watch?v=uXs-5eCfCHI&t=57s","10 days ago (edited)","0","UgxjmoYx4GS5gxvIVaF4AaABAg","SUZUKI SIAP BANTAI MOBIL CINA, Siapkan Mobil Listrik Terjangkau!","reply","uXs-5eCfCHI","0"
"@Goldrig","false","UgxjmoYx4GS5gxvIVaF4AaABAg.A642SnGWVDeA64g-SDDlbl","Maaf sebelumnya, saya owner 2 ev, korea ioniq 5 dan china brand, owner 2 ice zenyx q dan hrv. Sempat stay beberapa minggu di china karena urusan kerja, mata saya terbuka, betapa sudah sangat jauh tertinggal mobil buatan jepang. Jepang negara keparat yg nipu kita berpuluh2 tahun dengan mobil murahan keparat yg overprice.

In my opinion, japanese brand is the worst overpriced car, bahkan zenyx yg saya pakai ga cocok antara harga dan kualitasnya...","208","false","https://www.youtube.com/watch?v=uXs-5eCfCHI&t=57s","10 days ago (edited)","0","UgxjmoYx4GS5gxvIVaF4AaABAg","SUZUKI SIAP BANTAI MOBIL CINA, Siapkan Mobil Listrik Terjangkau!","reply","uXs-5eCfCHI","1"
"@Goldrig","false","UgxjmoYx4GS5gxvIVaF4AaABAg.A642SnGWVDeA64ghH3roXm","Produsen battery terbaik saat ini ada di china, CATL dan BYD pembuat LFP dan sodium ion. Tesla pun harus akui dan beli dr mereka. Ngapain wasting time nunggu jepang? Mereka sudah ga bisa inovasi, old generation semua

FYI, ironinya, car of the year di jepang adalah BYD Dolphin....","208","false","https://www.youtube.com/watch?v=uXs-5eCfCHI&t=57s","10 days ago","0","UgxjmoYx4GS5gxvIVaF4AaABAg","SUZUKI SIAP BANTAI MOBIL CINA, Siapkan Mobil Listrik Terjangkau!","reply","uXs-5eCfCHI","0"
"@Goldrig","false","UgxjmoYx4GS5gxvIVaF4AaABAg.A642SnGWVDeA64hZk6MIFM","India hanya pabrikan, dibelakangnya ada Jepang. Sampai detik ini apa mobil jepang ev yg sukses? None, nihil. Bz4x?? No, nissan leaf?? Itu udah usang. 

Beli ev brother, jangan cuma komen, baru akan merasakan betapa tertinggalnya jepang","208","false","https://www.youtube.com/watch?v=uXs-5eCfCHI&t=57s","10 days ago","0","UgxjmoYx4GS5gxvIVaF4AaABAg","SUZUKI SIAP BANTAI MOBIL CINA, Siapkan Mobil Listrik Terjangkau!","reply","uXs-5eCfCHI","0"
"@Goldrig","false","UgxjmoYx4GS5gxvIVaF4AaABAg.A642SnGWVDeA64iEpBDXqh","Indikator terbaik adalah US dan Eropa, mereka sampai bikin aturan tariff 100% untuk EV asal china

Pengamat disana melihat semua market di dunia akan didominasi oleh china. Sampai harus bikin aturan semengerikan itu

Apa yg dilakukan pemerintah skrng sdh benar, pabrik battery dan ev diperbanyak, kedepannya untuk alih teknologi, siapa tau ada brand lokal yg bisa mirip vinfast vietnam, jd bisa mandiri.","208","false","https://www.youtube.com/watch?v=uXs-5eCfCHI&t=57s","10 days ago","0","UgxjmoYx4GS5gxvIVaF4AaABAg","SUZUKI SIAP BANTAI MOBIL CINA, Siapkan Mobil Listrik Terjangkau!","reply","uXs-5eCfCHI","0"
"@Goldrig","false","UgxjmoYx4GS5gxvIVaF4AaABAg.A642SnGWVDeA64j7C3YP4g","Indikator terbaik tau mana leader ev sesungguhnya adalah import tariff 100% di US dan Eropa untuk EV china, karena mereka ketakutan dilibas habis produknya.

Worth to mention : Volvo, MG, Smart, LEVC, Lotus skrng owned by china company

Kesimpulannya, judul siap bantai mobil china itu terlalu bombastis, emotional dan tanpa data...","208","false","https://www.youtube.com/watch?v=uXs-5eCfCHI&t=57s","10 days ago (edited)","0","UgxjmoYx4GS5gxvIVaF4AaABAg","SUZUKI SIAP BANTAI MOBIL CINA, Siapkan Mobil Listrik Terjangkau!","reply","uXs-5eCfCHI","0"
"@Goldrig","false","UgxjmoYx4GS5gxvIVaF4AaABAg.A642SnGWVDeA64jc1gc3K6","Orang2 thailand jg sudah mulai detox dari mobil jepang, sales mobil jepang drop >10% dan china naik > 10% di 2024.

Lets see, siapa yg akan terlibas nanti

Toshiba, hitachi, panasonic?? Kalian sendiri mungkin ga punya lg produk2nya

Hp jepang??? 

Jadi dipastikan trend ini akan diteruskan di mobil jg

Maaf sebelumnya, jika saya muak dengan jepang, agya keparat saja bisa2nya dijual hampir 300juta. Kita diperah eh malah kita muja2 mereka","208","false","https://www.youtube.com/watch?v=uXs-5eCfCHI&t=57s","10 days ago (edited)","0","UgxjmoYx4GS5gxvIVaF4AaABAg","SUZUKI SIAP BANTAI MOBIL CINA, Siapkan Mobil Listrik Terjangkau!","reply","uXs-5eCfCHI","2"
"@Goldrig","false","UgxjmoYx4GS5gxvIVaF4AaABAg.A642SnGWVDeA65NTqgiqaF","Inget kawan2, jepang itu nipu ga cuma harga, tapi kualitas.

 Toyota, daihatsu, honda terlibat skandal penipuan crash test terbesar di dunia, barang murahan dipalsukan datanya. 

Di indonesia astra dan atpm jepang menutupi kebobrokan ini, karena memang bobrok jg.","208","false","https://www.youtube.com/watch?v=uXs-5eCfCHI&t=57s","10 days ago","0","UgxjmoYx4GS5gxvIVaF4AaABAg","SUZUKI SIAP BANTAI MOBIL CINA, Siapkan Mobil Listrik Terjangkau!","reply","uXs-5eCfCHI","0"
"@Goldrig","false","UgxjmoYx4GS5gxvIVaF4AaABAg.A642SnGWVDeA65NrTXgpc3","Inget kawan2, pabrikan jepang toyota, daihatsu, honda kena skandal pemalsuan crash test yg dilakukan sejak lama dan terungkap di 2023-2024.

Mobil murahan, tidak aman dan mahal

Di indonesia mereka dilindungi mafia macam astra dan atpm2 jepang lainnya. Padahal sama2 bobrok kualitasnya.

Just your info, temen pernah kerja di astra dan akui selama laku dan ga dikomplain gass terus bikin yg murahan, toh orang indonesia nurut2 aja

Astra : kasus honda beat yg patah body, kualitas mobil kaleng2","208","false","https://www.youtube.com/watch?v=uXs-5eCfCHI&t=57s","10 days ago (edited)","0","UgxjmoYx4GS5gxvIVaF4AaABAg","SUZUKI SIAP BANTAI MOBIL CINA, Siapkan Mobil Listrik Terjangkau!","reply","uXs-5eCfCHI","0"
"@Goldrig","false","UgxjmoYx4GS5gxvIVaF4AaABAg.A642SnGWVDeA65OjRCDJyi","China leader jg di fully autonom car, dengan LIDAR tonjolan diatas, seperti BYD yangwang U8 di GIIAS.   Jauh lebih advance dibandingkan ADAS biasa. Ada integrated Nvidia GPU untuk offline AI processing 

I'm an engineer, saya tau apa yg sudah saya sampaikan diatas.","208","false","https://www.youtube.com/watch?v=uXs-5eCfCHI&t=57s","10 days ago","0","UgxjmoYx4GS5gxvIVaF4AaABAg","SUZUKI SIAP BANTAI MOBIL CINA, Siapkan Mobil Listrik Terjangkau!","reply","uXs-5eCfCHI","0"
"@nikosurfingYT","false","UgxjmoYx4GS5gxvIVaF4AaABAg.A642SnGWVDeA66QzCstZ0e","​ @Goldrig baca tulisan ente ""Jepang negara keparat yg menipu kita dgn mobil murahan..."" Udah keliatan fansboy produk cina. 

Cina boleh aja unggul dgn EV mereka tapi bukan berarti ente bebas merendahkan & menuduh produsen negara lain jadi negara penipu... Kocak 😂","208","false","https://www.youtube.com/watch?v=uXs-5eCfCHI&t=57s","9 days ago","0","UgxjmoYx4GS5gxvIVaF4AaABAg","SUZUKI SIAP BANTAI MOBIL CINA, Siapkan Mobil Listrik Terjangkau!","reply","uXs-5eCfCHI","0"
"@arifbudiono3140","false","UgxjmoYx4GS5gxvIVaF4AaABAg.A642SnGWVDeA66ebg0S6Uc","Gw barusan ke GIIAS, harus diakui mobil china skrg jauh lebih baik secara desain, spek & price. Soal reliability nya gak tau, belum teruji disini. Tp harus diakui produk2 china terutama mobil EV udah jauh diatas jepang. Perusahaan jepang gak mau bikin EV karena ekosistem bisnis mobil ICE nya bisa bangkrut. Bayangkan di indonesia anak2 perusahaan astra yg bikin komponen ice kayak blok mesin, radiator, perusahaan pelumas mesin dll bakal tutup pabrik nya karena jumlah komponen di mobil listrik bisa berkurang 40% dari mobil ice. Jd wajar skrg jepang kalah soal mobil EV. Akhirnya barusan gw spk byd seal yg build quality & spec nya keren bgt","208","false","https://www.youtube.com/watch?v=uXs-5eCfCHI&t=57s","9 days ago","0","UgxjmoYx4GS5gxvIVaF4AaABAg","SUZUKI SIAP BANTAI MOBIL CINA, Siapkan Mobil Listrik Terjangkau!","reply","uXs-5eCfCHI","0"
"@Goldrig","false","UgxjmoYx4GS5gxvIVaF4AaABAg.A642SnGWVDeA67Ebw2524i","​@arifbudiono3140  congrats brother, nice choice milih BYD Seal.

Di china, taxi BYD 2010an masih ada, di bluebird dr 2016  sudah 800ribu km sampe skrng masih sehat. Very reliable

2500 cycle count untuk LFP ke 90% capacity

2500 × 500km/cycle = 1.250.000 km

1.250.000km / 20.000km(per tahun) = 62.5 tahun 

62.5 tahun itu mobil udah keburu masuk museum.","208","false","https://www.youtube.com/watch?v=uXs-5eCfCHI&t=57s","9 days ago (edited)","0","UgxjmoYx4GS5gxvIVaF4AaABAg","SUZUKI SIAP BANTAI MOBIL CINA, Siapkan Mobil Listrik Terjangkau!","reply","uXs-5eCfCHI","0"
"@aditgemstone7069","false","UgxjmoYx4GS5gxvIVaF4AaABAg.A642SnGWVDeA67XSueS_zm","Di india ertiga di rebadge jadi toyota rumion
Inova zenix rebadge suzuki invicto
Trus mau bilang desainnya jelek ???
Gini deh plat bodi T,D,M sama H adu tebel deh sama suzuki di type yang sama ya","208","false","https://www.youtube.com/watch?v=uXs-5eCfCHI&t=57s","9 days ago","0","UgxjmoYx4GS5gxvIVaF4AaABAg","SUZUKI SIAP BANTAI MOBIL CINA, Siapkan Mobil Listrik Terjangkau!","reply","uXs-5eCfCHI","0"
"@Goldrig","false","UgxjmoYx4GS5gxvIVaF4AaABAg.A642SnGWVDeA67wXfSidkl"," @aditgemstone7069  be smart, konteksnya bukan bagus or jelek, tapi ""bantai china"". Kira2 make sense ga?

Note: saya pernah punya ertiga jg","208","false","https://www.youtube.com/watch?v=uXs-5eCfCHI&t=57s","9 days ago (edited)","0","UgxjmoYx4GS5gxvIVaF4AaABAg","SUZUKI SIAP BANTAI MOBIL CINA, Siapkan Mobil Listrik Terjangkau!","reply","uXs-5eCfCHI","0"
"@Samuel-ft9hq","false","UgxjmoYx4GS5gxvIVaF4AaABAg.A642SnGWVDeA6GW9QME-Et","telah pasti ketinggalan lah jepang kerjasama sama ........... maka harus bensin atawa hybrid (bensin juga)..maka hybrid2 an juga 1-2 kwh agar tetap minum bensin banyak..","208","false","https://www.youtube.com/watch?v=uXs-5eCfCHI&t=57s","5 days ago","0","UgxjmoYx4GS5gxvIVaF4AaABAg","SUZUKI SIAP BANTAI MOBIL CINA, Siapkan Mobil Listrik Terjangkau!","reply","uXs-5eCfCHI","0"
"@Samuel-ft9hq","false","UgxjmoYx4GS5gxvIVaF4AaABAg.A642SnGWVDeA6GjED4GIjj","bensin vs ev bak sms vs wa..","208","false","https://www.youtube.com/watch?v=uXs-5eCfCHI&t=57s","5 days ago","0","UgxjmoYx4GS5gxvIVaF4AaABAg","SUZUKI SIAP BANTAI MOBIL CINA, Siapkan Mobil Listrik Terjangkau!","reply","uXs-5eCfCHI","0"
"@Goldrig","false","UgxjmoYx4GS5gxvIVaF4AaABAg.A642SnGWVDeA6GlhDd8gm4"," @Samuel-ft9hq  hahaha, analoginya masuk bgt","208","false","https://www.youtube.com/watch?v=uXs-5eCfCHI&t=57s","5 days ago","0","UgxjmoYx4GS5gxvIVaF4AaABAg","SUZUKI SIAP BANTAI MOBIL CINA, Siapkan Mobil Listrik Terjangkau!","reply","uXs-5eCfCHI","0"
"@carmudiID","true","UgyVA_WguNB2duuFyv14AaABAg.A641W5ZZLgWA642E_gD3Gk","2025 produksi, konsep ini udah dari tahun lalu tapi baru dibawa skg ke giias aja (bingung kali bawa apa lagi..)","208","false","https://www.youtube.com/watch?v=uXs-5eCfCHI&t=57s","10 days ago","0","UgyVA_WguNB2duuFyv14AaABAg","SUZUKI SIAP BANTAI MOBIL CINA, Siapkan Mobil Listrik Terjangkau!","reply","uXs-5eCfCHI","1"
"@user-qu6qz9cb8x","false","UgyVA_WguNB2duuFyv14AaABAg.A641W5ZZLgWA6431htd6Do","​ @carmudiID  klu semua spek dan aslinya seperti tampilan ini baru wah.","208","false","https://www.youtube.com/watch?v=uXs-5eCfCHI&t=57s","10 days ago","0","UgyVA_WguNB2duuFyv14AaABAg","SUZUKI SIAP BANTAI MOBIL CINA, Siapkan Mobil Listrik Terjangkau!","reply","uXs-5eCfCHI","0"
"@carmudiID","true","UgxDcJS_LD8jZKL1ICp4AaABAg.A641IKwL8LWA6429eeSmtk","3:16 biasanya sih gituu","208","false","https://www.youtube.com/watch?v=uXs-5eCfCHI&t=57s","10 days ago","0","UgxDcJS_LD8jZKL1ICp4AaABAg","SUZUKI SIAP BANTAI MOBIL CINA, Siapkan Mobil Listrik Terjangkau!","reply","uXs-5eCfCHI","0"
"@ekodanusaputro5868","false","UgxDcJS_LD8jZKL1ICp4AaABAg.A641IKwL8LWA647kKnLvXY","Berharap harga nya terjangkau","208","false","https://www.youtube.com/watch?v=uXs-5eCfCHI&t=57s","10 days ago","0","UgxDcJS_LD8jZKL1ICp4AaABAg","SUZUKI SIAP BANTAI MOBIL CINA, Siapkan Mobil Listrik Terjangkau!","reply","uXs-5eCfCHI","0"
"@carmudiID","true","UgzcL--BkSxz-_4g77x4AaABAg.A6419lxEtbYA6425P6FosE","Siaap, nggak di giias deh tapi full banget soalnya 😅","208","false","https://www.youtube.com/watch?v=uXs-5eCfCHI&t=57s","10 days ago","0","UgzcL--BkSxz-_4g77x4AaABAg","SUZUKI SIAP BANTAI MOBIL CINA, Siapkan Mobil Listrik Terjangkau!","reply","uXs-5eCfCHI","0"
"@kokoemas","false","Ugz5cwoYfeafJ13yXNx4AaABAg","kayak xforce perasaan😅","208","false","https://www.youtube.com/watch?v=uXs-5eCfCHI&t=57s","10 days ago","0",,"SUZUKI SIAP BANTAI MOBIL CINA, Siapkan Mobil Listrik Terjangkau!","comment","uXs-5eCfCHI","4"
"@MuhammadSalmanAlGhazali","false","UgxuFuFIeVKSna6QpQR4AaABAg","Jempol buat suzuki","208","false","https://www.youtube.com/watch?v=uXs-5eCfCHI&t=57s","10 days ago","0",,"SUZUKI SIAP BANTAI MOBIL CINA, Siapkan Mobil Listrik Terjangkau!","comment","uXs-5eCfCHI","6"
"@muhammadismail6099","false","UgwMqA8CHmjtpliXwJ54AaABAg","PERTAMA
Merasa cocok Pakai Suzuki","208","false","https://www.youtube.com/watch?v=uXs-5eCfCHI&t=57s","10 days ago (edited)","3",,"SUZUKI SIAP BANTAI MOBIL CINA, Siapkan Mobil Listrik Terjangkau!","comment","uXs-5eCfCHI","27"
"@elcan2494","false","UgxxbYa8XLTZBNpDhdF4AaABAg","Wkwkwk suzuki 😅","208","false","https://www.youtube.com/watch?v=uXs-5eCfCHI&t=57s","10 days ago","0",,"SUZUKI SIAP BANTAI MOBIL CINA, Siapkan Mobil Listrik Terjangkau!","comment","uXs-5eCfCHI","1"
"@raufsatriawijaya7985","false","Ugx49mGC1IzOio06Bep4AaABAg","Selalu pertama buat suzuki","208","false","https://www.youtube.com/watch?v=uXs-5eCfCHI&t=57s","10 days ago","1",,"SUZUKI SIAP BANTAI MOBIL CINA, Siapkan Mobil Listrik Terjangkau!","comment","uXs-5eCfCHI","3"
"@user-ff1ll6et2p","false","UgwMqA8CHmjtpliXwJ54AaABAg.A64-LWXrYTtA64LLhud9c_","Pasti kemahalan ini bagusan beli Neta v ll lebih lengkap","208","false","https://www.youtube.com/watch?v=uXs-5eCfCHI&t=57s","10 days ago","0","UgwMqA8CHmjtpliXwJ54AaABAg","SUZUKI SIAP BANTAI MOBIL CINA, Siapkan Mobil Listrik Terjangkau!","reply","uXs-5eCfCHI","1"
"@ainafaracantika5705","false","UgwMqA8CHmjtpliXwJ54AaABAg.A64-LWXrYTtA64N3vQ25D8","Kedua build quality Suzuki terbaik..🎉","208","false","https://www.youtube.com/watch?v=uXs-5eCfCHI&t=57s","10 days ago","0","UgwMqA8CHmjtpliXwJ54AaABAg","SUZUKI SIAP BANTAI MOBIL CINA, Siapkan Mobil Listrik Terjangkau!","reply","uXs-5eCfCHI","4"
"@dhavidcg","false","UgwMqA8CHmjtpliXwJ54AaABAg.A64-LWXrYTtA6BLNUvlm02","Bener sih, suzuki bener2 underdog.. Padahal dari kualitas mobil, pelayanan sama sparepart dan harga semuanya selalu bagus..","208","false","https://www.youtube.com/watch?v=uXs-5eCfCHI&t=57s","7 days ago","0","UgwMqA8CHmjtpliXwJ54AaABAg","SUZUKI SIAP BANTAI MOBIL CINA, Siapkan Mobil Listrik Terjangkau!","reply","uXs-5eCfCHI","1"
"@carmudiID","true","Ugx49mGC1IzOio06Bep4AaABAg.A64-HW_JIM9A6423FUVcNa","Mantaps","208","false","https://www.youtube.com/watch?v=uXs-5eCfCHI&t=57s","10 days ago","0","Ugx49mGC1IzOio06Bep4AaABAg","SUZUKI SIAP BANTAI MOBIL CINA, Siapkan Mobil Listrik Terjangkau!","reply","uXs-5eCfCHI","3"
